"","CVE","NOM_MUN","ent","escuelas"
"1","05012","Guerrero","COAHUILA DE ZARAGOZA","COMUNITARIO: 4 | GENERAL: 6 | INDÍGENA: 0 | TÉCNICA: 0 | TELESECUNDARIA: 1"
"2","07001","Acacoyagua","CHIAPAS","COMUNITARIO: 15 | GENERAL: 19 | INDÍGENA: 5 | TÉCNICA: 0 | TELESECUNDARIA: 3"
"3","07010","Bejucal de Ocampo","CHIAPAS","COMUNITARIO: 7 | GENERAL: 17 | INDÍGENA: 7 | TÉCNICA: 0 | TELESECUNDARIA: 5"
"4","07014","El Bosque","CHIAPAS","COMUNITARIO: 11 | GENERAL: 6 | INDÍGENA: 32 | TÉCNICA: 2 | TELESECUNDARIA: 3"
"5","07028","Chiapilla","CHIAPAS","COMUNITARIO: 0 | GENERAL: 5 | INDÍGENA: 0 | TÉCNICA: 0 | TELESECUNDARIA: 1"
"6","07036","La Grandeza","CHIAPAS","COMUNITARIO: 8 | GENERAL: 15 | INDÍGENA: 9 | TÉCNICA: 1 | TELESECUNDARIA: 1"
"7","07047","Jitotol","CHIAPAS","COMUNITARIO: 22 | GENERAL: 10 | INDÍGENA: 23 | TÉCNICA: 0 | TELESECUNDARIA: 5"
"8","07051","Mapastepec","CHIAPAS","COMUNITARIO: 18 | GENERAL: 66 | INDÍGENA: 2 | TÉCNICA: 2 | TELESECUNDARIA: 15"
"9","07055","Metapa","CHIAPAS","COMUNITARIO: 0 | GENERAL: 8 | INDÍGENA: 0 | TÉCNICA: 0 | TELESECUNDARIA: 0"
"10","07060","Ocotepec","CHIAPAS","COMUNITARIO: 1 | GENERAL: 0 | INDÍGENA: 46 | TÉCNICA: 0 | TELESECUNDARIA: 2"
"11","07082","Sitalá","CHIAPAS","COMUNITARIO: 10 | GENERAL: 3 | INDÍGENA: 36 | TÉCNICA: 1 | TELESECUNDARIA: 3"
"12","07084","Solosuchiapa","CHIAPAS","COMUNITARIO: 12 | GENERAL: 10 | INDÍGENA: 9 | TÉCNICA: 0 | TELESECUNDARIA: 1"
"13","07090","Tapalapa","CHIAPAS","COMUNITARIO: 7 | GENERAL: 3 | INDÍGENA: 9 | TÉCNICA: 0 | TELESECUNDARIA: 2"
"14","07117","Montecristo de Guerrero","CHIAPAS","COMUNITARIO: 10 | GENERAL: 10 | INDÍGENA: 0 | TÉCNICA: 0 | TELESECUNDARIA: 4"
"15","07118","San Andrés Duraznal","CHIAPAS","COMUNITARIO: 4 | GENERAL: 2 | INDÍGENA: 4 | TÉCNICA: 0 | TELESECUNDARIA: 0"
"16","07119","Santiago el Pinar","CHIAPAS","COMUNITARIO: 5 | GENERAL: 1 | INDÍGENA: 1 | TÉCNICA: 0 | TELESECUNDARIA: 0"
"17","08013","Casas Grandes","CHIHUAHUA","COMUNITARIO: 10 | GENERAL: 18 | INDÍGENA: 0 | TÉCNICA: 0 | TELESECUNDARIA: 5"
"18","08022","Dr. Belisario Domínguez","CHIHUAHUA","COMUNITARIO: 5 | GENERAL: 7 | INDÍGENA: 0 | TÉCNICA: 0 | TELESECUNDARIA: 1"
"19","08039","López","CHIHUAHUA","COMUNITARIO: 4 | GENERAL: 11 | INDÍGENA: 0 | TÉCNICA: 1 | TELESECUNDARIA: 0"
"20","08040","Madera","CHIHUAHUA","COMUNITARIO: 28 | GENERAL: 58 | INDÍGENA: 2 | TÉCNICA: 4 | TELESECUNDARIA: 7"
"21","08047","Moris","CHIHUAHUA","COMUNITARIO: 30 | GENERAL: 17 | INDÍGENA: 1 | TÉCNICA: 1 | TELESECUNDARIA: 3"
"22","08056","Rosario","CHIHUAHUA","COMUNITARIO: 6 | GENERAL: 6 | INDÍGENA: 0 | TÉCNICA: 0 | TELESECUNDARIA: 2"
"23","08057","San Francisco de Borja","CHIHUAHUA","COMUNITARIO: 3 | GENERAL: 6 | INDÍGENA: 0 | TÉCNICA: 0 | TELESECUNDARIA: 0"
"24","08064","El Tule","CHIHUAHUA","COMUNITARIO: 0 | GENERAL: 8 | INDÍGENA: 0 | TÉCNICA: 0 | TELESECUNDARIA: 2"
"25","08066","Uruachi","CHIHUAHUA","COMUNITARIO: 52 | GENERAL: 13 | INDÍGENA: 24 | TÉCNICA: 0 | TELESECUNDARIA: 11"
"26","10002","Canelas","DURANGO","COMUNITARIO: 43 | GENERAL: 15 | INDÍGENA: 0 | TÉCNICA: 1 | TELESECUNDARIA: 5"
"27","10009","Guanaceví","DURANGO","COMUNITARIO: 32 | GENERAL: 39 | INDÍGENA: 0 | TÉCNICA: 2 | TELESECUNDARIA: 14"
"28","10018","El Oro","DURANGO","COMUNITARIO: 16 | GENERAL: 34 | INDÍGENA: 0 | TÉCNICA: 2 | TELESECUNDARIA: 12"
"29","10019","Otáez","DURANGO","COMUNITARIO: 35 | GENERAL: 27 | INDÍGENA: 0 | TÉCNICA: 0 | TELESECUNDARIA: 9"
"30","10025","San Bernardo","DURANGO","COMUNITARIO: 8 | GENERAL: 17 | INDÍGENA: 0 | TÉCNICA: 1 | TELESECUNDARIA: 4"
"31","10029","San Luis del Cordero","DURANGO","COMUNITARIO: 1 | GENERAL: 9 | INDÍGENA: 0 | TÉCNICA: 1 | TELESECUNDARIA: 1"
"32","10032","Santiago Papasquiaro","DURANGO","COMUNITARIO: 52 | GENERAL: 124 | INDÍGENA: 0 | TÉCNICA: 3 | TELESECUNDARIA: 30"
"33","10035","Tepehuanes","DURANGO","COMUNITARIO: 32 | GENERAL: 48 | INDÍGENA: 0 | TÉCNICA: 1 | TELESECUNDARIA: 7"
"34","10037","Topia","DURANGO","COMUNITARIO: 33 | GENERAL: 33 | INDÍGENA: 0 | TÉCNICA: 1 | TELESECUNDARIA: 11"
"35","10039","Nuevo Ideal","DURANGO","COMUNITARIO: 1 | GENERAL: 65 | INDÍGENA: 0 | TÉCNICA: 3 | TELESECUNDARIA: 17"
"36","11006","Atarjea","GUANAJUATO","COMUNITARIO: 12 | GENERAL: 31 | INDÍGENA: 0 | TÉCNICA: 0 | TELESECUNDARIA: 10"
"37","11034","Santa Catarina","GUANAJUATO","COMUNITARIO: 2 | GENERAL: 26 | INDÍGENA: 0 | TÉCNICA: 0 | TELESECUNDARIA: 3"
"38","11045","Xichú","GUANAJUATO","COMUNITARIO: 36 | GENERAL: 72 | INDÍGENA: 0 | TÉCNICA: 0 | TELESECUNDARIA: 15"
"39","12007","Arcelia","GUERRERO","COMUNITARIO: 52 | GENERAL: 109 | INDÍGENA: 0 | TÉCNICA: 5 | TELESECUNDARIA: 12"
"40","12013","Azoyú","GUERRERO","COMUNITARIO: 7 | GENERAL: 34 | INDÍGENA: 8 | TÉCNICA: 3 | TELESECUNDARIA: 7"
"41","12023","Cuajinicuilapa","GUERRERO","COMUNITARIO: 11 | GENERAL: 58 | INDÍGENA: 2 | TÉCNICA: 5 | TELESECUNDARIA: 7"
"42","12031","General Canuto A. Neri","GUERRERO","COMUNITARIO: 32 | GENERAL: 35 | INDÍGENA: 0 | TÉCNICA: 1 | TELESECUNDARIA: 4"
"43","12036","Igualapa","GUERRERO","COMUNITARIO: 0 | GENERAL: 19 | INDÍGENA: 17 | TÉCNICA: 2 | TELESECUNDARIA: 9"
"44","12041","Malinaltepec","GUERRERO","COMUNITARIO: 7 | GENERAL: 3 | INDÍGENA: 123 | TÉCNICA: 9 | TELESECUNDARIA: 9"
"45","12046","Ometepec","GUERRERO","COMUNITARIO: 23 | GENERAL: 87 | INDÍGENA: 58 | TÉCNICA: 5 | TELESECUNDARIA: 18"
"46","12063","Tlacoapa","GUERRERO","COMUNITARIO: 8 | GENERAL: 0 | INDÍGENA: 49 | TÉCNICA: 2 | TELESECUNDARIA: 3"
"47","12072","Zapotitlán Tablas","GUERRERO","COMUNITARIO: 18 | GENERAL: 0 | INDÍGENA: 34 | TÉCNICA: 2 | TELESECUNDARIA: 2"
"48","12073","Zirándaro","GUERRERO","COMUNITARIO: 71 | GENERAL: 71 | INDÍGENA: 0 | TÉCNICA: 2 | TELESECUNDARIA: 12"
"49","12078","Cochoapa el Grande","GUERRERO","COMUNITARIO: 96 | GENERAL: 0 | INDÍGENA: 95 | TÉCNICA: 2 | TELESECUNDARIA: 9"
"50","12080","Juchitán","GUERRERO","COMUNITARIO: 12 | GENERAL: 24 | INDÍGENA: 1 | TÉCNICA: 0 | TELESECUNDARIA: 3"
"51","12081","Iliatenco","GUERRERO","COMUNITARIO: 3 | GENERAL: 2 | INDÍGENA: 46 | TÉCNICA: 1 | TELESECUNDARIA: 5"
"52","13014","Calnali","HIDALGO","COMUNITARIO: 15 | GENERAL: 25 | INDÍGENA: 7 | TÉCNICA: 1 | TELESECUNDARIA: 11"
"53","13033","Juárez Hidalgo","HIDALGO","COMUNITARIO: 0 | GENERAL: 8 | INDÍGENA: 0 | TÉCNICA: 0 | TELESECUNDARIA: 4"
"54","13068","Tianguistengo","HIDALGO","COMUNITARIO: 38 | GENERAL: 44 | INDÍGENA: 1 | TÉCNICA: 0 | TELESECUNDARIA: 18"
"55","14004","Amacueca","JALISCO","COMUNITARIO: 0 | GENERAL: 13 | INDÍGENA: 0 | TÉCNICA: 0 | TELESECUNDARIA: 0"
"56","14014","Atoyac","JALISCO","COMUNITARIO: 14 | GENERAL: 18 | INDÍGENA: 0 | TÉCNICA: 1 | TELESECUNDARIA: 2"
"57","14019","Bolaños","JALISCO","COMUNITARIO: 35 | GENERAL: 8 | INDÍGENA: 26 | TÉCNICA: 1 | TELESECUNDARIA: 2"
"58","14021","Casimiro Castillo","JALISCO","COMUNITARIO: 1 | GENERAL: 46 | INDÍGENA: 0 | TÉCNICA: 3 | TELESECUNDARIA: 4"
"59","14026","Concepción de Buenos Aires","JALISCO","COMUNITARIO: 7 | GENERAL: 12 | INDÍGENA: 0 | TÉCNICA: 1 | TELESECUNDARIA: 1"
"60","14031","Chimaltitán","JALISCO","COMUNITARIO: 18 | GENERAL: 15 | INDÍGENA: 0 | TÉCNICA: 1 | TELESECUNDARIA: 3"
"61","14042","Huejuquilla el Alto","JALISCO","COMUNITARIO: 15 | GENERAL: 28 | INDÍGENA: 2 | TÉCNICA: 1 | TELESECUNDARIA: 4"
"62","14049","Jilotlán de los Dolores","JALISCO","COMUNITARIO: 54 | GENERAL: 27 | INDÍGENA: 0 | TÉCNICA: 0 | TELESECUNDARIA: 9"
"63","14059","Mazamitla","JALISCO","COMUNITARIO: 22 | GENERAL: 35 | INDÍGENA: 0 | TÉCNICA: 0 | TELESECUNDARIA: 4"
"64","14061","Mezquitic","JALISCO","COMUNITARIO: 90 | GENERAL: 19 | INDÍGENA: 73 | TÉCNICA: 1 | TELESECUNDARIA: 15"
"65","14079","Gómez Farías","JALISCO","COMUNITARIO: 6 | GENERAL: 26 | INDÍGENA: 0 | TÉCNICA: 1 | TELESECUNDARIA: 1"
"66","14082","Sayula","JALISCO","COMUNITARIO: 2 | GENERAL: 41 | INDÍGENA: 0 | TÉCNICA: 2 | TELESECUNDARIA: 1"
"67","14085","Tamazula de Gordiano","JALISCO","COMUNITARIO: 35 | GENERAL: 96 | INDÍGENA: 0 | TÉCNICA: 1 | TELESECUNDARIA: 13"
"68","14086","Tapalpa","JALISCO","COMUNITARIO: 23 | GENERAL: 42 | INDÍGENA: 0 | TÉCNICA: 1 | TELESECUNDARIA: 8"
"69","14089","Techaluta de Montenegro","JALISCO","COMUNITARIO: 4 | GENERAL: 11 | INDÍGENA: 0 | TÉCNICA: 0 | TELESECUNDARIA: 1"
"70","14092","Teocuitatlán de Corona","JALISCO","COMUNITARIO: 5 | GENERAL: 34 | INDÍGENA: 0 | TÉCNICA: 1 | TELESECUNDARIA: 4"
"71","14102","Tonaya","JALISCO","COMUNITARIO: 9 | GENERAL: 21 | INDÍGENA: 0 | TÉCNICA: 0 | TELESECUNDARIA: 3"
"72","14112","Valle de Juárez","JALISCO","COMUNITARIO: 13 | GENERAL: 13 | INDÍGENA: 0 | TÉCNICA: 1 | TELESECUNDARIA: 1"
"73","14115","Villa Guerrero","JALISCO","COMUNITARIO: 15 | GENERAL: 15 | INDÍGENA: 1 | TÉCNICA: 1 | TELESECUNDARIA: 1"
"74","14119","Zacoalco de Torres","JALISCO","COMUNITARIO: 3 | GENERAL: 50 | INDÍGENA: 0 | TÉCNICA: 4 | TELESECUNDARIA: 4"
"75","16038","Huetamo","MICHOACÁN DE OCAMPO","COMUNITARIO: 58 | GENERAL: 150 | INDÍGENA: 0 | TÉCNICA: 1 | TELESECUNDARIA: 20"
"76","16089","Tepalcatepec","MICHOACÁN DE OCAMPO","COMUNITARIO: 20 | GENERAL: 62 | INDÍGENA: 0 | TÉCNICA: 3 | TELESECUNDARIA: 8"
"77","19003","Los Aldamas","NUEVO LEÓN","COMUNITARIO: 0 | GENERAL: 5 | INDÍGENA: 0 | TÉCNICA: 0 | TELESECUNDARIA: 0"
"78","19007","Aramberri","NUEVO LEÓN","COMUNITARIO: 83 | GENERAL: 75 | INDÍGENA: 0 | TÉCNICA: 2 | TELESECUNDARIA: 9"
"79","19008","Bustamante","NUEVO LEÓN","COMUNITARIO: 0 | GENERAL: 7 | INDÍGENA: 0 | TÉCNICA: 0 | TELESECUNDARIA: 0"
"80","19023","General Treviño","NUEVO LEÓN","COMUNITARIO: 2 | GENERAL: 3 | INDÍGENA: 0 | TÉCNICA: 0 | TELESECUNDARIA: 0"
"81","19027","Los Herreras","NUEVO LEÓN","COMUNITARIO: 0 | GENERAL: 7 | INDÍGENA: 0 | TÉCNICA: 0 | TELESECUNDARIA: 0"
"82","19035","Melchor Ocampo","NUEVO LEÓN","COMUNITARIO: 0 | GENERAL: 3 | INDÍGENA: 0 | TÉCNICA: 0 | TELESECUNDARIA: 0"
"83","19036","Mier y Noriega","NUEVO LEÓN","COMUNITARIO: 12 | GENERAL: 30 | INDÍGENA: 0 | TÉCNICA: 1 | TELESECUNDARIA: 6"
"84","19040","Parás","NUEVO LEÓN","COMUNITARIO: 0 | GENERAL: 5 | INDÍGENA: 0 | TÉCNICA: 0 | TELESECUNDARIA: 0"
"85","20001","Abejones","OAXACA","COMUNITARIO: 0 | GENERAL: 1 | INDÍGENA: 1 | TÉCNICA: 0 | TELESECUNDARIA: 1"
"86","20003","Asunción Cacalotepec","OAXACA","COMUNITARIO: 2 | GENERAL: 0 | INDÍGENA: 9 | TÉCNICA: 0 | TELESECUNDARIA: 3"
"87","20008","Asunción Tlacolulita","OAXACA","COMUNITARIO: 0 | GENERAL: 1 | INDÍGENA: 3 | TÉCNICA: 0 | TELESECUNDARIA: 2"
"88","20009","Ayotzintepec","OAXACA","COMUNITARIO: 2 | GENERAL: 6 | INDÍGENA: 8 | TÉCNICA: 0 | TELESECUNDARIA: 3"
"89","20011","Calihualá","OAXACA","COMUNITARIO: 0 | GENERAL: 4 | INDÍGENA: 2 | TÉCNICA: 0 | TELESECUNDARIA: 0"
"90","20015","Coatecas Altas","OAXACA","COMUNITARIO: 1 | GENERAL: 19 | INDÍGENA: 4 | TÉCNICA: 0 | TELESECUNDARIA: 5"
"91","20017","La Compañía","OAXACA","COMUNITARIO: 1 | GENERAL: 15 | INDÍGENA: 0 | TÉCNICA: 0 | TELESECUNDARIA: 6"
"92","20018","Concepción Buenavista","OAXACA","COMUNITARIO: 2 | GENERAL: 6 | INDÍGENA: 1 | TÉCNICA: 0 | TELESECUNDARIA: 1"
"93","20019","Concepción Pápalo","OAXACA","COMUNITARIO: 3 | GENERAL: 8 | INDÍGENA: 4 | TÉCNICA: 0 | TELESECUNDARIA: 5"
"94","20024","Cuyamecalco Villa de Zaragoza","OAXACA","COMUNITARIO: 11 | GENERAL: 11 | INDÍGENA: 5 | TÉCNICA: 0 | TELESECUNDARIA: 2"
"95","20025","Chahuites","OAXACA","COMUNITARIO: 0 | GENERAL: 19 | INDÍGENA: 0 | TÉCNICA: 2 | TELESECUNDARIA: 0"
"96","20027","Chiquihuitlán de Benito Juárez","OAXACA","COMUNITARIO: 2 | GENERAL: 4 | INDÍGENA: 2 | TÉCNICA: 0 | TELESECUNDARIA: 1"
"97","20029","Eloxochitlán de Flores Magón","OAXACA","COMUNITARIO: 0 | GENERAL: 4 | INDÍGENA: 12 | TÉCNICA: 1 | TELESECUNDARIA: 1"
"98","20031","Tamazulápam del Espíritu Santo","OAXACA","COMUNITARIO: 0 | GENERAL: 1 | INDÍGENA: 16 | TÉCNICA: 1 | TELESECUNDARIA: 3"
"99","20034","Guadalupe de Ramírez","OAXACA","COMUNITARIO: 2 | GENERAL: 5 | INDÍGENA: 0 | TÉCNICA: 0 | TELESECUNDARIA: 1"
"100","20035","Guelatao de Juárez","OAXACA","COMUNITARIO: 0 | GENERAL: 2 | INDÍGENA: 1 | TÉCNICA: 0 | TELESECUNDARIA: 0"
"101","20036","Guevea de Humboldt","OAXACA","COMUNITARIO: 28 | GENERAL: 6 | INDÍGENA: 17 | TÉCNICA: 1 | TELESECUNDARIA: 3"
"102","20038","Villa Hidalgo","OAXACA","COMUNITARIO: 0 | GENERAL: 3 | INDÍGENA: 1 | TÉCNICA: 1 | TELESECUNDARIA: 0"
"103","20040","Huautepec","OAXACA","COMUNITARIO: 0 | GENERAL: 0 | INDÍGENA: 21 | TÉCNICA: 0 | TELESECUNDARIA: 3"
"104","20042","Ixtlán de Juárez","OAXACA","COMUNITARIO: 2 | GENERAL: 6 | INDÍGENA: 20 | TÉCNICA: 2 | TELESECUNDARIA: 5"
"105","20047","Santa Magdalena Jicotlán","OAXACA","COMUNITARIO: 0 | GENERAL: 1 | INDÍGENA: 0 | TÉCNICA: 0 | TELESECUNDARIA: 0"
"106","20048","Magdalena Mixtepec","OAXACA","COMUNITARIO: 0 | GENERAL: 3 | INDÍGENA: 1 | TÉCNICA: 0 | TELESECUNDARIA: 2"
"107","20049","Magdalena Ocotlán","OAXACA","COMUNITARIO: 0 | GENERAL: 1 | INDÍGENA: 1 | TÉCNICA: 0 | TELESECUNDARIA: 2"
"108","20051","Magdalena Teitipac","OAXACA","COMUNITARIO: 0 | GENERAL: 2 | INDÍGENA: 3 | TÉCNICA: 0 | TELESECUNDARIA: 1"
"109","20052","Magdalena Tequisistlán","OAXACA","COMUNITARIO: 5 | GENERAL: 15 | INDÍGENA: 3 | TÉCNICA: 1 | TELESECUNDARIA: 1"
"110","20056","Mártires de Tacubaya","OAXACA","COMUNITARIO: 0 | GENERAL: 4 | INDÍGENA: 0 | TÉCNICA: 0 | TELESECUNDARIA: 2"
"111","20057","Matías Romero Avendaño","OAXACA","COMUNITARIO: 16 | GENERAL: 83 | INDÍGENA: 8 | TÉCNICA: 6 | TELESECUNDARIA: 9"
"112","20058","Mazatlán Villa de Flores","OAXACA","COMUNITARIO: 11 | GENERAL: 51 | INDÍGENA: 30 | TÉCNICA: 1 | TELESECUNDARIA: 10"
"113","20060","Mixistlán de la Reforma","OAXACA","COMUNITARIO: 0 | GENERAL: 0 | INDÍGENA: 6 | TÉCNICA: 0 | TELESECUNDARIA: 3"
"114","20061","Monjas","OAXACA","COMUNITARIO: 2 | GENERAL: 7 | INDÍGENA: 0 | TÉCNICA: 0 | TELESECUNDARIA: 2"
"115","20062","Natividad","OAXACA","COMUNITARIO: 0 | GENERAL: 2 | INDÍGENA: 0 | TÉCNICA: 0 | TELESECUNDARIA: 0"
"116","20064","Nejapa de Madero","OAXACA","COMUNITARIO: 16 | GENERAL: 19 | INDÍGENA: 5 | TÉCNICA: 0 | TELESECUNDARIA: 5"
"117","20069","La Pe","OAXACA","COMUNITARIO: 0 | GENERAL: 4 | INDÍGENA: 0 | TÉCNICA: 0 | TELESECUNDARIA: 2"
"118","20074","Santa Catarina Quioquitani","OAXACA","COMUNITARIO: 0 | GENERAL: 0 | INDÍGENA: 2 | TÉCNICA: 0 | TELESECUNDARIA: 1"
"119","20080","San Agustín Amatengo","OAXACA","COMUNITARIO: 0 | GENERAL: 4 | INDÍGENA: 0 | TÉCNICA: 0 | TELESECUNDARIA: 1"
"120","20086","San Agustín Tlacotepec","OAXACA","COMUNITARIO: 1 | GENERAL: 2 | INDÍGENA: 0 | TÉCNICA: 1 | TELESECUNDARIA: 0"
"121","20088","San Andrés Cabecera Nueva","OAXACA","COMUNITARIO: 21 | GENERAL: 15 | INDÍGENA: 3 | TÉCNICA: 0 | TELESECUNDARIA: 1"
"122","20090","San Andrés Huaxpaltepec","OAXACA","COMUNITARIO: 0 | GENERAL: 5 | INDÍGENA: 8 | TÉCNICA: 2 | TELESECUNDARIA: 1"
"123","20097","San Andrés Solaga","OAXACA","COMUNITARIO: 0 | GENERAL: 2 | INDÍGENA: 5 | TÉCNICA: 0 | TELESECUNDARIA: 0"
"124","20098","San Andrés Teotilálpam","OAXACA","COMUNITARIO: 7 | GENERAL: 8 | INDÍGENA: 6 | TÉCNICA: 0 | TELESECUNDARIA: 4"
"125","20099","San Andrés Tepetlapa","OAXACA","COMUNITARIO: 0 | GENERAL: 2 | INDÍGENA: 0 | TÉCNICA: 0 | TELESECUNDARIA: 1"
"126","20100","San Andrés Yaá","OAXACA","COMUNITARIO: 0 | GENERAL: 1 | INDÍGENA: 1 | TÉCNICA: 0 | TELESECUNDARIA: 1"
"127","20101","San Andrés Zabache","OAXACA","COMUNITARIO: 0 | GENERAL: 1 | INDÍGENA: 2 | TÉCNICA: 0 | TELESECUNDARIA: 1"
"128","20104","San Antonino el Alto","OAXACA","COMUNITARIO: 5 | GENERAL: 6 | INDÍGENA: 3 | TÉCNICA: 0 | TELESECUNDARIA: 2"
"129","20106","San Antonio Acutla","OAXACA","COMUNITARIO: 0 | GENERAL: 2 | INDÍGENA: 0 | TÉCNICA: 0 | TELESECUNDARIA: 0"
"130","20108","San Antonio Huitepec","OAXACA","COMUNITARIO: 4 | GENERAL: 8 | INDÍGENA: 10 | TÉCNICA: 0 | TELESECUNDARIA: 3"
"131","20111","San Antonio Tepetlapa","OAXACA","COMUNITARIO: 0 | GENERAL: 1 | INDÍGENA: 7 | TÉCNICA: 1 | TELESECUNDARIA: 0"
"132","20112","San Baltazar Chichicápam","OAXACA","COMUNITARIO: 0 | GENERAL: 1 | INDÍGENA: 2 | TÉCNICA: 1 | TELESECUNDARIA: 0"
"133","20113","San Baltazar Loxicha","OAXACA","COMUNITARIO: 4 | GENERAL: 2 | INDÍGENA: 6 | TÉCNICA: 0 | TELESECUNDARIA: 2"
"134","20114","San Baltazar Yatzachi el Bajo","OAXACA","COMUNITARIO: 0 | GENERAL: 2 | INDÍGENA: 2 | TÉCNICA: 0 | TELESECUNDARIA: 0"
"135","20117","San Bartolomé Loxicha","OAXACA","COMUNITARIO: 4 | GENERAL: 2 | INDÍGENA: 6 | TÉCNICA: 0 | TELESECUNDARIA: 2"
"136","20118","San Bartolomé Quialana","OAXACA","COMUNITARIO: 0 | GENERAL: 1 | INDÍGENA: 3 | TÉCNICA: 0 | TELESECUNDARIA: 1"
"137","20120","San Bartolomé Zoogocho","OAXACA","COMUNITARIO: 0 | GENERAL: 0 | INDÍGENA: 2 | TÉCNICA: 1 | TELESECUNDARIA: 0"
"138","20122","San Bartolo Yautepec","OAXACA","COMUNITARIO: 0 | GENERAL: 1 | INDÍGENA: 1 | TÉCNICA: 0 | TELESECUNDARIA: 1"
"139","20123","San Bernardo Mixtepec","OAXACA","COMUNITARIO: 0 | GENERAL: 11 | INDÍGENA: 0 | TÉCNICA: 0 | TELESECUNDARIA: 3"
"140","20125","San Carlos Yautepec","OAXACA","COMUNITARIO: 12 | GENERAL: 19 | INDÍGENA: 22 | TÉCNICA: 1 | TELESECUNDARIA: 14"
"141","20126","San Cristóbal Amatlán","OAXACA","COMUNITARIO: 3 | GENERAL: 2 | INDÍGENA: 10 | TÉCNICA: 0 | TELESECUNDARIA: 3"
"142","20128","San Cristóbal Lachirioag","OAXACA","COMUNITARIO: 0 | GENERAL: 0 | INDÍGENA: 2 | TÉCNICA: 1 | TELESECUNDARIA: 0"
"143","20131","San Dionisio Ocotepec","OAXACA","COMUNITARIO: 5 | GENERAL: 7 | INDÍGENA: 14 | TÉCNICA: 1 | TELESECUNDARIA: 4"
"144","20135","San Felipe Tejalápam","OAXACA","COMUNITARIO: 0 | GENERAL: 10 | INDÍGENA: 0 | TÉCNICA: 0 | TELESECUNDARIA: 3"
"145","20136","San Felipe Usila","OAXACA","COMUNITARIO: 4 | GENERAL: 3 | INDÍGENA: 48 | TÉCNICA: 1 | TELESECUNDARIA: 9"
"146","20137","San Francisco Cahuacuá","OAXACA","COMUNITARIO: 2 | GENERAL: 10 | INDÍGENA: 0 | TÉCNICA: 0 | TELESECUNDARIA: 4"
"147","20138","San Francisco Cajonos","OAXACA","COMUNITARIO: 0 | GENERAL: 1 | INDÍGENA: 3 | TÉCNICA: 0 | TELESECUNDARIA: 0"
"148","20139","San Francisco Chapulapa","OAXACA","COMUNITARIO: 10 | GENERAL: 7 | INDÍGENA: 4 | TÉCNICA: 0 | TELESECUNDARIA: 3"
"149","20140","San Francisco Chindúa","OAXACA","COMUNITARIO: 0 | GENERAL: 4 | INDÍGENA: 0 | TÉCNICA: 0 | TELESECUNDARIA: 0"
"150","20146","San Francisco Logueche","OAXACA","COMUNITARIO: 0 | GENERAL: 0 | INDÍGENA: 10 | TÉCNICA: 0 | TELESECUNDARIA: 3"
"151","20148","San Francisco Ozolotepec","OAXACA","COMUNITARIO: 0 | GENERAL: 0 | INDÍGENA: 5 | TÉCNICA: 0 | TELESECUNDARIA: 3"
"152","20149","San Francisco Sola","OAXACA","COMUNITARIO: 7 | GENERAL: 2 | INDÍGENA: 0 | TÉCNICA: 0 | TELESECUNDARIA: 0"
"153","20151","San Francisco Teopan","OAXACA","COMUNITARIO: 1 | GENERAL: 3 | INDÍGENA: 0 | TÉCNICA: 0 | TELESECUNDARIA: 1"
"154","20152","San Francisco Tlapancingo","OAXACA","COMUNITARIO: 0 | GENERAL: 3 | INDÍGENA: 6 | TÉCNICA: 1 | TELESECUNDARIA: 1"
"155","20154","San Ildefonso Amatlán","OAXACA","COMUNITARIO: 4 | GENERAL: 7 | INDÍGENA: 4 | TÉCNICA: 0 | TELESECUNDARIA: 3"
"156","20155","San Ildefonso Sola","OAXACA","COMUNITARIO: 9 | GENERAL: 5 | INDÍGENA: 0 | TÉCNICA: 0 | TELESECUNDARIA: 0"
"157","20156","San Ildefonso Villa Alta","OAXACA","COMUNITARIO: 0 | GENERAL: 5 | INDÍGENA: 7 | TÉCNICA: 1 | TELESECUNDARIA: 2"
"158","20158","San Jacinto Tlacotepec","OAXACA","COMUNITARIO: 9 | GENERAL: 8 | INDÍGENA: 0 | TÉCNICA: 0 | TELESECUNDARIA: 3"
"159","20159","San Jerónimo Coatlán","OAXACA","COMUNITARIO: 28 | GENERAL: 15 | INDÍGENA: 0 | TÉCNICA: 0 | TELESECUNDARIA: 6"
"160","20164","San Jorge Nuchita","OAXACA","COMUNITARIO: 0 | GENERAL: 5 | INDÍGENA: 2 | TÉCNICA: 0 | TELESECUNDARIA: 2"
"161","20167","San José del Peñasco","OAXACA","COMUNITARIO: 3 | GENERAL: 8 | INDÍGENA: 1 | TÉCNICA: 0 | TELESECUNDARIA: 3"
"162","20168","San José Estancia Grande","OAXACA","COMUNITARIO: 0 | GENERAL: 3 | INDÍGENA: 0 | TÉCNICA: 0 | TELESECUNDARIA: 0"
"163","20170","San José Lachiguiri","OAXACA","COMUNITARIO: 1 | GENERAL: 1 | INDÍGENA: 9 | TÉCNICA: 0 | TELESECUNDARIA: 3"
"164","20172","San Juan Achiutla","OAXACA","COMUNITARIO: 0 | GENERAL: 3 | INDÍGENA: 0 | TÉCNICA: 0 | TELESECUNDARIA: 0"
"165","20173","San Juan Atepec","OAXACA","COMUNITARIO: 0 | GENERAL: 1 | INDÍGENA: 1 | TÉCNICA: 0 | TELESECUNDARIA: 1"
"166","20175","San Juan Bautista Atatlahuca","OAXACA","COMUNITARIO: 0 | GENERAL: 3 | INDÍGENA: 3 | TÉCNICA: 0 | TELESECUNDARIA: 3"
"167","20177","San Juan Bautista Cuicatlán","OAXACA","COMUNITARIO: 7 | GENERAL: 25 | INDÍGENA: 8 | TÉCNICA: 1 | TELESECUNDARIA: 6"
"168","20180","San Juan Bautista Lo de Soto","OAXACA","COMUNITARIO: 0 | GENERAL: 7 | INDÍGENA: 0 | TÉCNICA: 0 | TELESECUNDARIA: 1"
"169","20182","San Juan Bautista Tlacoatzintepec","OAXACA","COMUNITARIO: 8 | GENERAL: 2 | INDÍGENA: 7 | TÉCNICA: 0 | TELESECUNDARIA: 2"
"170","20183","San Juan Bautista Tlachichilco","OAXACA","COMUNITARIO: 0 | GENERAL: 10 | INDÍGENA: 0 | TÉCNICA: 0 | TELESECUNDARIA: 2"
"171","20185","San Juan Cacahuatepec","OAXACA","COMUNITARIO: 0 | GENERAL: 25 | INDÍGENA: 0 | TÉCNICA: 1 | TELESECUNDARIA: 6"
"172","20189","San Juan Comaltepec","OAXACA","COMUNITARIO: 0 | GENERAL: 6 | INDÍGENA: 4 | TÉCNICA: 0 | TELESECUNDARIA: 3"
"173","20190","San Juan Cotzocón","OAXACA","COMUNITARIO: 15 | GENERAL: 26 | INDÍGENA: 31 | TÉCNICA: 1 | TELESECUNDARIA: 18"
"174","20191","San Juan Chicomezúchil","OAXACA","COMUNITARIO: 0 | GENERAL: 2 | INDÍGENA: 0 | TÉCNICA: 0 | TELESECUNDARIA: 1"
"175","20194","San Juan del Río","OAXACA","COMUNITARIO: 0 | GENERAL: 1 | INDÍGENA: 1 | TÉCNICA: 0 | TELESECUNDARIA: 1"
"176","20196","San Juan Evangelista Analco","OAXACA","COMUNITARIO: 0 | GENERAL: 1 | INDÍGENA: 1 | TÉCNICA: 0 | TELESECUNDARIA: 1"
"177","20197","San Juan Guelavía","OAXACA","COMUNITARIO: 0 | GENERAL: 1 | INDÍGENA: 1 | TÉCNICA: 0 | TELESECUNDARIA: 1"
"178","20198","San Juan Guichicovi","OAXACA","COMUNITARIO: 2 | GENERAL: 22 | INDÍGENA: 64 | TÉCNICA: 4 | TELESECUNDARIA: 16"
"179","20199","San Juan Ihualtepec","OAXACA","COMUNITARIO: 1 | GENERAL: 4 | INDÍGENA: 0 | TÉCNICA: 0 | TELESECUNDARIA: 1"
"180","20200","San Juan Juquila Mixes","OAXACA","COMUNITARIO: 1 | GENERAL: 4 | INDÍGENA: 5 | TÉCNICA: 0 | TELESECUNDARIA: 3"
"181","20201","San Juan Juquila Vijanos","OAXACA","COMUNITARIO: 0 | GENERAL: 4 | INDÍGENA: 6 | TÉCNICA: 0 | TELESECUNDARIA: 2"
"182","20202","San Juan Lachao","OAXACA","COMUNITARIO: 26 | GENERAL: 3 | INDÍGENA: 7 | TÉCNICA: 0 | TELESECUNDARIA: 4"
"183","20203","San Juan Lachigalla","OAXACA","COMUNITARIO: 0 | GENERAL: 14 | INDÍGENA: 0 | TÉCNICA: 0 | TELESECUNDARIA: 4"
"184","20204","San Juan Lajarcia","OAXACA","COMUNITARIO: 1 | GENERAL: 3 | INDÍGENA: 0 | TÉCNICA: 0 | TELESECUNDARIA: 1"
"185","20205","San Juan Lalana","OAXACA","COMUNITARIO: 38 | GENERAL: 18 | INDÍGENA: 39 | TÉCNICA: 0 | TELESECUNDARIA: 16"
"186","20207","San Juan Mazatlán","OAXACA","COMUNITARIO: 6 | GENERAL: 20 | INDÍGENA: 36 | TÉCNICA: 2 | TELESECUNDARIA: 16"
"187","20209","San Juan Mixtepec -Dto. 26 -","OAXACA","COMUNITARIO: 0 | GENERAL: 0 | INDÍGENA: 2 | TÉCNICA: 0 | TELESECUNDARIA: 1"
"188","20211","San Juan Ozolotepec","OAXACA","COMUNITARIO: 1 | GENERAL: 3 | INDÍGENA: 6 | TÉCNICA: 0 | TELESECUNDARIA: 4"
"189","20212","San Juan Petlapa","OAXACA","COMUNITARIO: 3 | GENERAL: 1 | INDÍGENA: 11 | TÉCNICA: 0 | TELESECUNDARIA: 3"
"190","20213","San Juan Quiahije","OAXACA","COMUNITARIO: 0 | GENERAL: 0 | INDÍGENA: 7 | TÉCNICA: 0 | TELESECUNDARIA: 2"
"191","20214","San Juan Quiotepec","OAXACA","COMUNITARIO: 0 | GENERAL: 2 | INDÍGENA: 6 | TÉCNICA: 1 | TELESECUNDARIA: 0"
"192","20216","San Juan Tabaá","OAXACA","COMUNITARIO: 0 | GENERAL: 0 | INDÍGENA: 2 | TÉCNICA: 0 | TELESECUNDARIA: 1"
"193","20218","San Juan Teita","OAXACA","COMUNITARIO: 0 | GENERAL: 0 | INDÍGENA: 2 | TÉCNICA: 0 | TELESECUNDARIA: 1"
"194","20220","San Juan Tepeuxila","OAXACA","COMUNITARIO: 1 | GENERAL: 5 | INDÍGENA: 5 | TÉCNICA: 0 | TELESECUNDARIA: 5"
"195","20222","San Juan Yaeé","OAXACA","COMUNITARIO: 0 | GENERAL: 3 | INDÍGENA: 3 | TÉCNICA: 0 | TELESECUNDARIA: 1"
"196","20223","San Juan Yatzona","OAXACA","COMUNITARIO: 0 | GENERAL: 0 | INDÍGENA: 2 | TÉCNICA: 0 | TELESECUNDARIA: 1"
"197","20226","San Lorenzo Albarradas","OAXACA","COMUNITARIO: 0 | GENERAL: 7 | INDÍGENA: 3 | TÉCNICA: 0 | TELESECUNDARIA: 3"
"198","20228","San Lorenzo Cuaunecuiltitla","OAXACA","COMUNITARIO: 0 | GENERAL: 0 | INDÍGENA: 2 | TÉCNICA: 0 | TELESECUNDARIA: 1"
"199","20229","San Lorenzo Texmelúcan","OAXACA","COMUNITARIO: 0 | GENERAL: 14 | INDÍGENA: 0 | TÉCNICA: 0 | TELESECUNDARIA: 7"
"200","20230","San Lorenzo Victoria","OAXACA","COMUNITARIO: 0 | GENERAL: 5 | INDÍGENA: 0 | TÉCNICA: 0 | TELESECUNDARIA: 1"
"201","20231","San Lucas Camotlán","OAXACA","COMUNITARIO: 0 | GENERAL: 0 | INDÍGENA: 4 | TÉCNICA: 0 | TELESECUNDARIA: 1"
"202","20233","San Lucas Quiaviní","OAXACA","COMUNITARIO: 0 | GENERAL: 1 | INDÍGENA: 1 | TÉCNICA: 0 | TELESECUNDARIA: 1"
"203","20234","San Lucas Zoquiápam","OAXACA","COMUNITARIO: 10 | GENERAL: 4 | INDÍGENA: 28 | TÉCNICA: 0 | TELESECUNDARIA: 6"
"204","20235","San Luis Amatlán","OAXACA","COMUNITARIO: 16 | GENERAL: 10 | INDÍGENA: 0 | TÉCNICA: 1 | TELESECUNDARIA: 2"
"205","20236","San Marcial Ozolotepec","OAXACA","COMUNITARIO: 6 | GENERAL: 0 | INDÍGENA: 3 | TÉCNICA: 0 | TELESECUNDARIA: 1"
"206","20238","San Martín de los Cansecos","OAXACA","COMUNITARIO: 0 | GENERAL: 2 | INDÍGENA: 0 | TÉCNICA: 0 | TELESECUNDARIA: 1"
"207","20239","San Martín Huamelúlpam","OAXACA","COMUNITARIO: 1 | GENERAL: 3 | INDÍGENA: 0 | TÉCNICA: 0 | TELESECUNDARIA: 1"
"208","20241","San Martín Lachilá","OAXACA","COMUNITARIO: 0 | GENERAL: 3 | INDÍGENA: 1 | TÉCNICA: 0 | TELESECUNDARIA: 1"
"209","20245","San Martín Zacatepec","OAXACA","COMUNITARIO: 0 | GENERAL: 4 | INDÍGENA: 0 | TÉCNICA: 0 | TELESECUNDARIA: 2"
"210","20246","San Mateo Cajonos","OAXACA","COMUNITARIO: 0 | GENERAL: 1 | INDÍGENA: 1 | TÉCNICA: 0 | TELESECUNDARIA: 1"
"211","20247","Capulálpam de Méndez","OAXACA","COMUNITARIO: 0 | GENERAL: 2 | INDÍGENA: 0 | TÉCNICA: 1 | TELESECUNDARIA: 0"
"212","20249","San Mateo Yoloxochitlán","OAXACA","COMUNITARIO: 0 | GENERAL: 4 | INDÍGENA: 6 | TÉCNICA: 0 | TELESECUNDARIA: 0"
"213","20251","San Mateo Nejápam","OAXACA","COMUNITARIO: 0 | GENERAL: 3 | INDÍGENA: 0 | TÉCNICA: 0 | TELESECUNDARIA: 1"
"214","20256","San Mateo Tlapiltepec","OAXACA","COMUNITARIO: 0 | GENERAL: 2 | INDÍGENA: 0 | TÉCNICA: 0 | TELESECUNDARIA: 0"
"215","20257","San Melchor Betaza","OAXACA","COMUNITARIO: 0 | GENERAL: 1 | INDÍGENA: 5 | TÉCNICA: 0 | TELESECUNDARIA: 2"
"216","20259","San Miguel Ahuehuetitlán","OAXACA","COMUNITARIO: 0 | GENERAL: 4 | INDÍGENA: 1 | TÉCNICA: 0 | TELESECUNDARIA: 2"
"217","20260","San Miguel Aloápam","OAXACA","COMUNITARIO: 0 | GENERAL: 1 | INDÍGENA: 3 | TÉCNICA: 0 | TELESECUNDARIA: 2"
"218","20262","San Miguel Amatlán","OAXACA","COMUNITARIO: 0 | GENERAL: 1 | INDÍGENA: 4 | TÉCNICA: 0 | TELESECUNDARIA: 2"
"219","20267","San Miguel del Río","OAXACA","COMUNITARIO: 0 | GENERAL: 1 | INDÍGENA: 1 | TÉCNICA: 0 | TELESECUNDARIA: 1"
"220","20268","San Miguel Ejutla","OAXACA","COMUNITARIO: 0 | GENERAL: 2 | INDÍGENA: 0 | TÉCNICA: 0 | TELESECUNDARIA: 1"
"221","20270","San Miguel Huautla","OAXACA","COMUNITARIO: 0 | GENERAL: 1 | INDÍGENA: 5 | TÉCNICA: 0 | TELESECUNDARIA: 1"
"222","20271","San Miguel Mixtepec","OAXACA","COMUNITARIO: 0 | GENERAL: 4 | INDÍGENA: 14 | TÉCNICA: 0 | TELESECUNDARIA: 3"
"223","20272","San Miguel Panixtlahuaca","OAXACA","COMUNITARIO: 6 | GENERAL: 3 | INDÍGENA: 7 | TÉCNICA: 0 | TELESECUNDARIA: 1"
"224","20273","San Miguel Peras","OAXACA","COMUNITARIO: 2 | GENERAL: 5 | INDÍGENA: 10 | TÉCNICA: 0 | TELESECUNDARIA: 5"
"225","20274","San Miguel Piedras","OAXACA","COMUNITARIO: 1 | GENERAL: 3 | INDÍGENA: 3 | TÉCNICA: 0 | TELESECUNDARIA: 1"
"226","20275","San Miguel Quetzaltepec","OAXACA","COMUNITARIO: 2 | GENERAL: 2 | INDÍGENA: 16 | TÉCNICA: 0 | TELESECUNDARIA: 3"
"227","20276","San Miguel Santa Flor","OAXACA","COMUNITARIO: 0 | GENERAL: 1 | INDÍGENA: 2 | TÉCNICA: 0 | TELESECUNDARIA: 1"
"228","20277","Villa Sola de Vega","OAXACA","COMUNITARIO: 90 | GENERAL: 51 | INDÍGENA: 5 | TÉCNICA: 1 | TELESECUNDARIA: 10"
"229","20280","Villa Talea de Castro","OAXACA","COMUNITARIO: 0 | GENERAL: 6 | INDÍGENA: 2 | TÉCNICA: 1 | TELESECUNDARIA: 0"
"230","20282","San Miguel Tenango","OAXACA","COMUNITARIO: 2 | GENERAL: 1 | INDÍGENA: 2 | TÉCNICA: 0 | TELESECUNDARIA: 1"
"231","20284","San Miguel Tilquiápam","OAXACA","COMUNITARIO: 0 | GENERAL: 4 | INDÍGENA: 1 | TÉCNICA: 0 | TELESECUNDARIA: 1"
"232","20285","San Miguel Tlacamama","OAXACA","COMUNITARIO: 0 | GENERAL: 13 | INDÍGENA: 0 | TÉCNICA: 0 | TELESECUNDARIA: 2"
"233","20288","San Miguel Yotao","OAXACA","COMUNITARIO: 0 | GENERAL: 1 | INDÍGENA: 1 | TÉCNICA: 0 | TELESECUNDARIA: 1"
"234","20290","San Nicolás Hidalgo","OAXACA","COMUNITARIO: 0 | GENERAL: 2 | INDÍGENA: 0 | TÉCNICA: 0 | TELESECUNDARIA: 1"
"235","20291","San Pablo Coatlán","OAXACA","COMUNITARIO: 6 | GENERAL: 6 | INDÍGENA: 5 | TÉCNICA: 1 | TELESECUNDARIA: 2"
"236","20295","San Pablo Huixtepec","OAXACA","COMUNITARIO: 0 | GENERAL: 8 | INDÍGENA: 0 | TÉCNICA: 1 | TELESECUNDARIA: 0"
"237","20296","San Pablo Macuiltianguis","OAXACA","COMUNITARIO: 0 | GENERAL: 3 | INDÍGENA: 1 | TÉCNICA: 1 | TELESECUNDARIA: 1"
"238","20298","San Pablo Villa de Mitla","OAXACA","COMUNITARIO: 0 | GENERAL: 16 | INDÍGENA: 3 | TÉCNICA: 0 | TELESECUNDARIA: 5"
"239","20299","San Pablo Yaganiza","OAXACA","COMUNITARIO: 0 | GENERAL: 0 | INDÍGENA: 2 | TÉCNICA: 0 | TELESECUNDARIA: 1"
"240","20300","San Pedro Amuzgos","OAXACA","COMUNITARIO: 0 | GENERAL: 5 | INDÍGENA: 12 | TÉCNICA: 0 | TELESECUNDARIA: 0"
"241","20303","San Pedro Cajonos","OAXACA","COMUNITARIO: 0 | GENERAL: 3 | INDÍGENA: 0 | TÉCNICA: 0 | TELESECUNDARIA: 0"
"242","20307","San Pedro Huamelula","OAXACA","COMUNITARIO: 1 | GENERAL: 12 | INDÍGENA: 17 | TÉCNICA: 0 | TELESECUNDARIA: 5"
"243","20311","San Pedro Jaltepetongo","OAXACA","COMUNITARIO: 0 | GENERAL: 1 | INDÍGENA: 1 | TÉCNICA: 0 | TELESECUNDARIA: 1"
"244","20313","San Pedro Jocotipac","OAXACA","COMUNITARIO: 0 | GENERAL: 1 | INDÍGENA: 1 | TÉCNICA: 0 | TELESECUNDARIA: 1"
"245","20314","San Pedro Juchatengo","OAXACA","COMUNITARIO: 3 | GENERAL: 2 | INDÍGENA: 0 | TÉCNICA: 0 | TELESECUNDARIA: 1"
"246","20316","San Pedro Mártir Quiechapa","OAXACA","COMUNITARIO: 0 | GENERAL: 1 | INDÍGENA: 1 | TÉCNICA: 0 | TELESECUNDARIA: 1"
"247","20319","San Pedro Mixtepec -Dto. 26 -","OAXACA","COMUNITARIO: 0 | GENERAL: 1 | INDÍGENA: 1 | TÉCNICA: 1 | TELESECUNDARIA: 0"
"248","20322","San Pedro Ocopetatillo","OAXACA","COMUNITARIO: 0 | GENERAL: 1 | INDÍGENA: 1 | TÉCNICA: 0 | TELESECUNDARIA: 1"
"249","20323","San Pedro Ocotepec","OAXACA","COMUNITARIO: 1 | GENERAL: 1 | INDÍGENA: 5 | TÉCNICA: 0 | TELESECUNDARIA: 2"
"250","20325","San Pedro Quiatoni","OAXACA","COMUNITARIO: 9 | GENERAL: 2 | INDÍGENA: 19 | TÉCNICA: 0 | TELESECUNDARIA: 4"
"251","20326","San Pedro Sochiápam","OAXACA","COMUNITARIO: 2 | GENERAL: 1 | INDÍGENA: 9 | TÉCNICA: 0 | TELESECUNDARIA: 3"
"252","20328","San Pedro Taviche","OAXACA","COMUNITARIO: 0 | GENERAL: 2 | INDÍGENA: 0 | TÉCNICA: 0 | TELESECUNDARIA: 1"
"253","20329","San Pedro Teozacoalco","OAXACA","COMUNITARIO: 0 | GENERAL: 5 | INDÍGENA: 1 | TÉCNICA: 0 | TELESECUNDARIA: 1"
"254","20330","San Pedro Teutila","OAXACA","COMUNITARIO: 5 | GENERAL: 11 | INDÍGENA: 3 | TÉCNICA: 0 | TELESECUNDARIA: 4"
"255","20333","San Pedro Totolápam","OAXACA","COMUNITARIO: 0 | GENERAL: 8 | INDÍGENA: 0 | TÉCNICA: 1 | TELESECUNDARIA: 1"
"256","20335","San Pedro Yaneri","OAXACA","COMUNITARIO: 0 | GENERAL: 1 | INDÍGENA: 4 | TÉCNICA: 0 | TELESECUNDARIA: 1"
"257","20336","San Pedro Yólox","OAXACA","COMUNITARIO: 1 | GENERAL: 5 | INDÍGENA: 4 | TÉCNICA: 0 | TELESECUNDARIA: 3"
"258","20337","San Pedro y San Pablo Ayutla","OAXACA","COMUNITARIO: 1 | GENERAL: 8 | INDÍGENA: 12 | TÉCNICA: 1 | TELESECUNDARIA: 5"
"259","20345","San Sebastián Ixcapa","OAXACA","COMUNITARIO: 0 | GENERAL: 13 | INDÍGENA: 0 | TÉCNICA: 0 | TELESECUNDARIA: 3"
"260","20352","San Simón Zahuatlán","OAXACA","COMUNITARIO: 1 | GENERAL: 0 | INDÍGENA: 9 | TÉCNICA: 0 | TELESECUNDARIA: 2"
"261","20353","Santa Ana","OAXACA","COMUNITARIO: 0 | GENERAL: 3 | INDÍGENA: 0 | TÉCNICA: 0 | TELESECUNDARIA: 1"
"262","20354","Santa Ana Ateixtlahuaca","OAXACA","COMUNITARIO: 1 | GENERAL: 0 | INDÍGENA: 3 | TÉCNICA: 0 | TELESECUNDARIA: 1"
"263","20355","Santa Ana Cuauhtémoc","OAXACA","COMUNITARIO: 1 | GENERAL: 1 | INDÍGENA: 2 | TÉCNICA: 0 | TELESECUNDARIA: 1"
"264","20356","Santa Ana del Valle","OAXACA","COMUNITARIO: 0 | GENERAL: 2 | INDÍGENA: 1 | TÉCNICA: 1 | TELESECUNDARIA: 0"
"265","20357","Santa Ana Tavela","OAXACA","COMUNITARIO: 0 | GENERAL: 2 | INDÍGENA: 0 | TÉCNICA: 0 | TELESECUNDARIA: 1"
"266","20359","Santa Ana Yareni","OAXACA","COMUNITARIO: 0 | GENERAL: 0 | INDÍGENA: 2 | TÉCNICA: 0 | TELESECUNDARIA: 1"
"267","20361","Santa Catalina Quierí","OAXACA","COMUNITARIO: 0 | GENERAL: 0 | INDÍGENA: 2 | TÉCNICA: 0 | TELESECUNDARIA: 1"
"268","20362","Santa Catarina Cuixtla","OAXACA","COMUNITARIO: 0 | GENERAL: 2 | INDÍGENA: 0 | TÉCNICA: 0 | TELESECUNDARIA: 1"
"269","20364","Santa Catarina Juquila","OAXACA","COMUNITARIO: 76 | GENERAL: 18 | INDÍGENA: 13 | TÉCNICA: 1 | TELESECUNDARIA: 7"
"270","20365","Santa Catarina Lachatao","OAXACA","COMUNITARIO: 2 | GENERAL: 5 | INDÍGENA: 1 | TÉCNICA: 0 | TELESECUNDARIA: 2"
"271","20366","Santa Catarina Loxicha","OAXACA","COMUNITARIO: 4 | GENERAL: 2 | INDÍGENA: 11 | TÉCNICA: 1 | TELESECUNDARIA: 0"
"272","20367","Santa Catarina Mechoacán","OAXACA","COMUNITARIO: 0 | GENERAL: 0 | INDÍGENA: 5 | TÉCNICA: 1 | TELESECUNDARIA: 0"
"273","20374","Santa Cruz Acatepec","OAXACA","COMUNITARIO: 0 | GENERAL: 1 | INDÍGENA: 2 | TÉCNICA: 0 | TELESECUNDARIA: 1"
"274","20376","Santa Cruz de Bravo","OAXACA","COMUNITARIO: 0 | GENERAL: 3 | INDÍGENA: 0 | TÉCNICA: 0 | TELESECUNDARIA: 0"
"275","20378","Santa Cruz Mixtepec","OAXACA","COMUNITARIO: 1 | GENERAL: 7 | INDÍGENA: 3 | TÉCNICA: 1 | TELESECUNDARIA: 2"
"276","20381","Santa Cruz Tacache de Mina","OAXACA","COMUNITARIO: 0 | GENERAL: 5 | INDÍGENA: 0 | TÉCNICA: 1 | TELESECUNDARIA: 0"
"277","20383","Santa Cruz Tayata","OAXACA","COMUNITARIO: 0 | GENERAL: 4 | INDÍGENA: 0 | TÉCNICA: 0 | TELESECUNDARIA: 0"
"278","20384","Santa Cruz Xitla","OAXACA","COMUNITARIO: 0 | GENERAL: 2 | INDÍGENA: 5 | TÉCNICA: 0 | TELESECUNDARIA: 2"
"279","20389","Santa Inés Yatzeche","OAXACA","COMUNITARIO: 0 | GENERAL: 0 | INDÍGENA: 2 | TÉCNICA: 0 | TELESECUNDARIA: 1"
"280","20394","Santa María Alotepec","OAXACA","COMUNITARIO: 0 | GENERAL: 1 | INDÍGENA: 5 | TÉCNICA: 0 | TELESECUNDARIA: 3"
"281","20396","Santa María la Asunción","OAXACA","COMUNITARIO: 0 | GENERAL: 2 | INDÍGENA: 6 | TÉCNICA: 0 | TELESECUNDARIA: 2"
"282","20398","Ayoquezco de Aldama","OAXACA","COMUNITARIO: 0 | GENERAL: 9 | INDÍGENA: 0 | TÉCNICA: 1 | TELESECUNDARIA: 0"
"283","20402","Santa María Cortijo","OAXACA","COMUNITARIO: 0 | GENERAL: 2 | INDÍGENA: 0 | TÉCNICA: 0 | TELESECUNDARIA: 1"
"284","20410","Santa María Ecatepec","OAXACA","COMUNITARIO: 0 | GENERAL: 8 | INDÍGENA: 8 | TÉCNICA: 0 | TELESECUNDARIA: 3"
"285","20411","Santa María Guelacé","OAXACA","COMUNITARIO: 0 | GENERAL: 2 | INDÍGENA: 0 | TÉCNICA: 0 | TELESECUNDARIA: 0"
"286","20412","Santa María Guienagati","OAXACA","COMUNITARIO: 23 | GENERAL: 5 | INDÍGENA: 6 | TÉCNICA: 0 | TELESECUNDARIA: 4"
"287","20414","Santa María Huazolotitlán","OAXACA","COMUNITARIO: 0 | GENERAL: 17 | INDÍGENA: 8 | TÉCNICA: 2 | TELESECUNDARIA: 4"
"288","20418","Santa María Jalapa del Marqués","OAXACA","COMUNITARIO: 5 | GENERAL: 25 | INDÍGENA: 3 | TÉCNICA: 1 | TELESECUNDARIA: 5"
"289","20419","Santa María Jaltianguis","OAXACA","COMUNITARIO: 0 | GENERAL: 2 | INDÍGENA: 0 | TÉCNICA: 0 | TELESECUNDARIA: 1"
"290","20420","Santa María Lachixío","OAXACA","COMUNITARIO: 0 | GENERAL: 1 | INDÍGENA: 3 | TÉCNICA: 0 | TELESECUNDARIA: 2"
"291","20421","Santa María Mixtequilla","OAXACA","COMUNITARIO: 3 | GENERAL: 4 | INDÍGENA: 0 | TÉCNICA: 1 | TELESECUNDARIA: 0"
"292","20422","Santa María Nativitas","OAXACA","COMUNITARIO: 1 | GENERAL: 3 | INDÍGENA: 1 | TÉCNICA: 0 | TELESECUNDARIA: 3"
"293","20425","Santa María Pápalo","OAXACA","COMUNITARIO: 1 | GENERAL: 1 | INDÍGENA: 4 | TÉCNICA: 0 | TELESECUNDARIA: 2"
"294","20426","Santa María Peñoles","OAXACA","COMUNITARIO: 3 | GENERAL: 2 | INDÍGENA: 37 | TÉCNICA: 0 | TELESECUNDARIA: 6"
"295","20427","Santa María Petapa","OAXACA","COMUNITARIO: 5 | GENERAL: 17 | INDÍGENA: 19 | TÉCNICA: 0 | TELESECUNDARIA: 6"
"296","20428","Santa María Quiegolani","OAXACA","COMUNITARIO: 0 | GENERAL: 3 | INDÍGENA: 5 | TÉCNICA: 0 | TELESECUNDARIA: 2"
"297","20429","Santa María Sola","OAXACA","COMUNITARIO: 4 | GENERAL: 3 | INDÍGENA: 1 | TÉCNICA: 0 | TELESECUNDARIA: 2"
"298","20432","Santa María Temaxcalapa","OAXACA","COMUNITARIO: 0 | GENERAL: 0 | INDÍGENA: 2 | TÉCNICA: 0 | TELESECUNDARIA: 1"
"299","20433","Santa María Temaxcaltepec","OAXACA","COMUNITARIO: 2 | GENERAL: 0 | INDÍGENA: 8 | TÉCNICA: 0 | TELESECUNDARIA: 2"
"300","20435","Santa María Tepantlali","OAXACA","COMUNITARIO: 0 | GENERAL: 2 | INDÍGENA: 8 | TÉCNICA: 0 | TELESECUNDARIA: 3"
"301","20436","Santa María Texcatitlán","OAXACA","COMUNITARIO: 0 | GENERAL: 0 | INDÍGENA: 2 | TÉCNICA: 0 | TELESECUNDARIA: 1"
"302","20437","Santa María Tlahuitoltepec","OAXACA","COMUNITARIO: 1 | GENERAL: 5 | INDÍGENA: 20 | TÉCNICA: 0 | TELESECUNDARIA: 6"
"303","20438","Santa María Tlalixtac","OAXACA","COMUNITARIO: 4 | GENERAL: 3 | INDÍGENA: 5 | TÉCNICA: 0 | TELESECUNDARIA: 1"
"304","20440","Santa María Totolapilla","OAXACA","COMUNITARIO: 0 | GENERAL: 1 | INDÍGENA: 2 | TÉCNICA: 0 | TELESECUNDARIA: 1"
"305","20442","Santa María Yalina","OAXACA","COMUNITARIO: 0 | GENERAL: 0 | INDÍGENA: 2 | TÉCNICA: 0 | TELESECUNDARIA: 0"
"306","20443","Santa María Yavesía","OAXACA","COMUNITARIO: 1 | GENERAL: 1 | INDÍGENA: 1 | TÉCNICA: 0 | TELESECUNDARIA: 0"
"307","20444","Santa María Yolotepec","OAXACA","COMUNITARIO: 3 | GENERAL: 0 | INDÍGENA: 2 | TÉCNICA: 0 | TELESECUNDARIA: 1"
"308","20446","Santa María Yucuhiti","OAXACA","COMUNITARIO: 0 | GENERAL: 4 | INDÍGENA: 17 | TÉCNICA: 0 | TELESECUNDARIA: 5"
"309","20449","Santa María Zoquitlán","OAXACA","COMUNITARIO: 13 | GENERAL: 11 | INDÍGENA: 0 | TÉCNICA: 0 | TELESECUNDARIA: 3"
"310","20453","Santiago Astata","OAXACA","COMUNITARIO: 0 | GENERAL: 7 | INDÍGENA: 5 | TÉCNICA: 1 | TELESECUNDARIA: 1"
"311","20454","Santiago Atitlán","OAXACA","COMUNITARIO: 1 | GENERAL: 0 | INDÍGENA: 9 | TÉCNICA: 0 | TELESECUNDARIA: 3"
"312","20457","Santiago Camotlán","OAXACA","COMUNITARIO: 1 | GENERAL: 1 | INDÍGENA: 12 | TÉCNICA: 0 | TELESECUNDARIA: 3"
"313","20458","Santiago Comaltepec","OAXACA","COMUNITARIO: 1 | GENERAL: 3 | INDÍGENA: 4 | TÉCNICA: 1 | TELESECUNDARIA: 1"
"314","20460","Santiago Choápam","OAXACA","COMUNITARIO: 7 | GENERAL: 12 | INDÍGENA: 2 | TÉCNICA: 1 | TELESECUNDARIA: 3"
"315","20461","Santiago del Río","OAXACA","COMUNITARIO: 1 | GENERAL: 3 | INDÍGENA: 0 | TÉCNICA: 0 | TELESECUNDARIA: 1"
"316","20465","Santiago Ixcuintepec","OAXACA","COMUNITARIO: 0 | GENERAL: 0 | INDÍGENA: 2 | TÉCNICA: 0 | TELESECUNDARIA: 1"
"317","20467","Santiago Jamiltepec","OAXACA","COMUNITARIO: 5 | GENERAL: 38 | INDÍGENA: 21 | TÉCNICA: 3 | TELESECUNDARIA: 6"
"318","20470","Santiago Lachiguiri","OAXACA","COMUNITARIO: 19 | GENERAL: 3 | INDÍGENA: 9 | TÉCNICA: 1 | TELESECUNDARIA: 3"
"319","20471","Santiago Lalopa","OAXACA","COMUNITARIO: 0 | GENERAL: 1 | INDÍGENA: 1 | TÉCNICA: 0 | TELESECUNDARIA: 1"
"320","20473","Santiago Laxopa","OAXACA","COMUNITARIO: 0 | GENERAL: 1 | INDÍGENA: 5 | TÉCNICA: 0 | TELESECUNDARIA: 2"
"321","20474","Santiago Llano Grande","OAXACA","COMUNITARIO: 0 | GENERAL: 9 | INDÍGENA: 0 | TÉCNICA: 0 | TELESECUNDARIA: 2"
"322","20475","Santiago Matatlán","OAXACA","COMUNITARIO: 0 | GENERAL: 7 | INDÍGENA: 15 | TÉCNICA: 2 | TELESECUNDARIA: 1"
"323","20477","Santiago Minas","OAXACA","COMUNITARIO: 8 | GENERAL: 6 | INDÍGENA: 0 | TÉCNICA: 0 | TELESECUNDARIA: 1"
"324","20478","Santiago Nacaltepec","OAXACA","COMUNITARIO: 4 | GENERAL: 9 | INDÍGENA: 1 | TÉCNICA: 0 | TELESECUNDARIA: 5"
"325","20481","Santiago Nuyoó","OAXACA","COMUNITARIO: 0 | GENERAL: 1 | INDÍGENA: 13 | TÉCNICA: 0 | TELESECUNDARIA: 0"
"326","20482","Santiago Pinotepa Nacional","OAXACA","COMUNITARIO: 17 | GENERAL: 91 | INDÍGENA: 21 | TÉCNICA: 1 | TELESECUNDARIA: 12"
"327","20484","Santiago Tamazola","OAXACA","COMUNITARIO: 0 | GENERAL: 12 | INDÍGENA: 1 | TÉCNICA: 0 | TELESECUNDARIA: 4"
"328","20485","Santiago Tapextla","OAXACA","COMUNITARIO: 0 | GENERAL: 12 | INDÍGENA: 0 | TÉCNICA: 0 | TELESECUNDARIA: 5"
"329","20489","Santiago Tetepec","OAXACA","COMUNITARIO: 6 | GENERAL: 16 | INDÍGENA: 4 | TÉCNICA: 1 | TELESECUNDARIA: 8"
"330","20491","Santiago Textitlán","OAXACA","COMUNITARIO: 4 | GENERAL: 12 | INDÍGENA: 6 | TÉCNICA: 1 | TELESECUNDARIA: 5"
"331","20493","Santiago Tillo","OAXACA","COMUNITARIO: 0 | GENERAL: 3 | INDÍGENA: 0 | TÉCNICA: 0 | TELESECUNDARIA: 0"
"332","20494","Santiago Tlazoyaltepec","OAXACA","COMUNITARIO: 0 | GENERAL: 0 | INDÍGENA: 10 | TÉCNICA: 2 | TELESECUNDARIA: 3"
"333","20496","Santiago Xiacuí","OAXACA","COMUNITARIO: 0 | GENERAL: 8 | INDÍGENA: 1 | TÉCNICA: 1 | TELESECUNDARIA: 0"
"334","20497","Santiago Yaitepec","OAXACA","COMUNITARIO: 0 | GENERAL: 2 | INDÍGENA: 5 | TÉCNICA: 0 | TELESECUNDARIA: 1"
"335","20498","Santiago Yaveo","OAXACA","COMUNITARIO: 29 | GENERAL: 10 | INDÍGENA: 10 | TÉCNICA: 0 | TELESECUNDARIA: 7"
"336","20501","Santiago Yucuyachi","OAXACA","COMUNITARIO: 0 | GENERAL: 4 | INDÍGENA: 0 | TÉCNICA: 0 | TELESECUNDARIA: 2"
"337","20502","Santiago Zacatepec","OAXACA","COMUNITARIO: 0 | GENERAL: 6 | INDÍGENA: 2 | TÉCNICA: 0 | TELESECUNDARIA: 2"
"338","20503","Santiago Zoochila","OAXACA","COMUNITARIO: 0 | GENERAL: 1 | INDÍGENA: 1 | TÉCNICA: 0 | TELESECUNDARIA: 1"
"339","20506","Santo Domingo Albarradas","OAXACA","COMUNITARIO: 0 | GENERAL: 1 | INDÍGENA: 1 | TÉCNICA: 0 | TELESECUNDARIA: 1"
"340","20507","Santo Domingo Armenta","OAXACA","COMUNITARIO: 0 | GENERAL: 7 | INDÍGENA: 0 | TÉCNICA: 0 | TELESECUNDARIA: 1"
"341","20509","Santo Domingo de Morelos","OAXACA","COMUNITARIO: 6 | GENERAL: 5 | INDÍGENA: 29 | TÉCNICA: 0 | TELESECUNDARIA: 5"
"342","20512","Santo Domingo Ozolotepec","OAXACA","COMUNITARIO: 0 | GENERAL: 2 | INDÍGENA: 0 | TÉCNICA: 0 | TELESECUNDARIA: 1"
"343","20513","Santo Domingo Petapa","OAXACA","COMUNITARIO: 6 | GENERAL: 12 | INDÍGENA: 9 | TÉCNICA: 0 | TELESECUNDARIA: 3"
"344","20514","Santo Domingo Roayaga","OAXACA","COMUNITARIO: 0 | GENERAL: 2 | INDÍGENA: 2 | TÉCNICA: 0 | TELESECUNDARIA: 2"
"345","20516","Santo Domingo Teojomulco","OAXACA","COMUNITARIO: 22 | GENERAL: 15 | INDÍGENA: 1 | TÉCNICA: 0 | TELESECUNDARIA: 3"
"346","20517","Santo Domingo Tepuxtepec","OAXACA","COMUNITARIO: 9 | GENERAL: 0 | INDÍGENA: 21 | TÉCNICA: 1 | TELESECUNDARIA: 4"
"347","20518","Santo Domingo Tlatayápam","OAXACA","COMUNITARIO: 0 | GENERAL: 2 | INDÍGENA: 0 | TÉCNICA: 0 | TELESECUNDARIA: 0"
"348","20521","Santo Domingo Tonaltepec","OAXACA","COMUNITARIO: 4 | GENERAL: 2 | INDÍGENA: 0 | TÉCNICA: 0 | TELESECUNDARIA: 0"
"349","20522","Santo Domingo Xagacía","OAXACA","COMUNITARIO: 0 | GENERAL: 1 | INDÍGENA: 1 | TÉCNICA: 1 | TELESECUNDARIA: 0"
"350","20527","Santos Reyes Pápalo","OAXACA","COMUNITARIO: 0 | GENERAL: 1 | INDÍGENA: 5 | TÉCNICA: 0 | TELESECUNDARIA: 2"
"351","20529","Santos Reyes Yucuná","OAXACA","COMUNITARIO: 0 | GENERAL: 0 | INDÍGENA: 8 | TÉCNICA: 0 | TELESECUNDARIA: 1"
"352","20531","Santo Tomás Mazaltepec","OAXACA","COMUNITARIO: 0 | GENERAL: 2 | INDÍGENA: 1 | TÉCNICA: 0 | TELESECUNDARIA: 1"
"353","20533","Santo Tomás Tamazulapan","OAXACA","COMUNITARIO: 5 | GENERAL: 4 | INDÍGENA: 3 | TÉCNICA: 0 | TELESECUNDARIA: 1"
"354","20534","San Vicente Coatlán","OAXACA","COMUNITARIO: 1 | GENERAL: 4 | INDÍGENA: 1 | TÉCNICA: 0 | TELESECUNDARIA: 1"
"355","20535","San Vicente Lachixío","OAXACA","COMUNITARIO: 2 | GENERAL: 0 | INDÍGENA: 5 | TÉCNICA: 0 | TELESECUNDARIA: 2"
"356","20537","Silacayoápam","OAXACA","COMUNITARIO: 7 | GENERAL: 24 | INDÍGENA: 6 | TÉCNICA: 1 | TELESECUNDARIA: 7"
"357","20538","Sitio de Xitlapehua","OAXACA","COMUNITARIO: 1 | GENERAL: 3 | INDÍGENA: 0 | TÉCNICA: 0 | TELESECUNDARIA: 1"
"358","20541","Tanetze de Zaragoza","OAXACA","COMUNITARIO: 0 | GENERAL: 2 | INDÍGENA: 2 | TÉCNICA: 0 | TELESECUNDARIA: 2"
"359","20542","Taniche","OAXACA","COMUNITARIO: 0 | GENERAL: 2 | INDÍGENA: 0 | TÉCNICA: 0 | TELESECUNDARIA: 0"
"360","20543","Tataltepec de Valdés","OAXACA","COMUNITARIO: 2 | GENERAL: 2 | INDÍGENA: 14 | TÉCNICA: 1 | TELESECUNDARIA: 1"
"361","20546","Teotitlán del Valle","OAXACA","COMUNITARIO: 0 | GENERAL: 5 | INDÍGENA: 1 | TÉCNICA: 0 | TELESECUNDARIA: 0"
"362","20550","San Jerónimo Tlacochahuaya","OAXACA","COMUNITARIO: 0 | GENERAL: 6 | INDÍGENA: 0 | TÉCNICA: 1 | TELESECUNDARIA: 0"
"363","20551","Tlacolula de Matamoros","OAXACA","COMUNITARIO: 0 | GENERAL: 24 | INDÍGENA: 6 | TÉCNICA: 3 | TELESECUNDARIA: 3"
"364","20552","Tlacotepec Plumas","OAXACA","COMUNITARIO: 0 | GENERAL: 2 | INDÍGENA: 0 | TÉCNICA: 0 | TELESECUNDARIA: 1"
"365","20554","Totontepec Villa de Morelos","OAXACA","COMUNITARIO: 2 | GENERAL: 7 | INDÍGENA: 14 | TÉCNICA: 0 | TELESECUNDARIA: 5"
"366","20556","La Trinidad Vista Hermosa","OAXACA","COMUNITARIO: 0 | GENERAL: 2 | INDÍGENA: 0 | TÉCNICA: 0 | TELESECUNDARIA: 0"
"367","20558","Valerio Trujano","OAXACA","COMUNITARIO: 0 | GENERAL: 4 | INDÍGENA: 0 | TÉCNICA: 0 | TELESECUNDARIA: 2"
"368","20559","San Juan Bautista Valle Nacional","OAXACA","COMUNITARIO: 31 | GENERAL: 29 | INDÍGENA: 54 | TÉCNICA: 3 | TELESECUNDARIA: 13"
"369","20560","Villa Díaz Ordaz","OAXACA","COMUNITARIO: 0 | GENERAL: 5 | INDÍGENA: 5 | TÉCNICA: 0 | TELESECUNDARIA: 3"
"370","20561","Yaxe","OAXACA","COMUNITARIO: 0 | GENERAL: 3 | INDÍGENA: 0 | TÉCNICA: 1 | TELESECUNDARIA: 0"
"371","20562","Magdalena Yodocono de Porfirio Díaz","OAXACA","COMUNITARIO: 0 | GENERAL: 4 | INDÍGENA: 0 | TÉCNICA: 1 | TELESECUNDARIA: 0"
"372","21014","Amixtlán","PUEBLA","COMUNITARIO: 1 | GENERAL: 5 | INDÍGENA: 6 | TÉCNICA: 0 | TELESECUNDARIA: 4"
"373","21028","Camocuautla","PUEBLA","COMUNITARIO: 6 | GENERAL: 1 | INDÍGENA: 4 | TÉCNICA: 0 | TELESECUNDARIA: 2"
"374","21029","Caxhuacan","PUEBLA","COMUNITARIO: 0 | GENERAL: 4 | INDÍGENA: 4 | TÉCNICA: 0 | TELESECUNDARIA: 0"
"375","21030","Coatepec","PUEBLA","COMUNITARIO: 0 | GENERAL: 1 | INDÍGENA: 1 | TÉCNICA: 0 | TELESECUNDARIA: 1"
"376","21031","Coatzingo","PUEBLA","COMUNITARIO: 1 | GENERAL: 7 | INDÍGENA: 1 | TÉCNICA: 0 | TELESECUNDARIA: 1"
"377","21042","Cuayuca de Andrade","PUEBLA","COMUNITARIO: 7 | GENERAL: 10 | INDÍGENA: 4 | TÉCNICA: 0 | TELESECUNDARIA: 5"
"378","21052","Chigmecatitlán","PUEBLA","COMUNITARIO: 0 | GENERAL: 2 | INDÍGENA: 0 | TÉCNICA: 0 | TELESECUNDARIA: 1"
"379","21068","Hermenegildo Galeana","PUEBLA","COMUNITARIO: 11 | GENERAL: 4 | INDÍGENA: 24 | TÉCNICA: 0 | TELESECUNDARIA: 6"
"380","21070","Huatlatlauca","PUEBLA","COMUNITARIO: 6 | GENERAL: 11 | INDÍGENA: 16 | TÉCNICA: 0 | TELESECUNDARIA: 7"
"381","21072","Huehuetla","PUEBLA","COMUNITARIO: 1 | GENERAL: 10 | INDÍGENA: 24 | TÉCNICA: 0 | TELESECUNDARIA: 9"
"382","21077","Hueytlalpan","PUEBLA","COMUNITARIO: 9 | GENERAL: 3 | INDÍGENA: 16 | TÉCNICA: 0 | TELESECUNDARIA: 4"
"383","21084","Ixtepec","PUEBLA","COMUNITARIO: 3 | GENERAL: 2 | INDÍGENA: 10 | TÉCNICA: 1 | TELESECUNDARIA: 0"
"384","21089","Jopala","PUEBLA","COMUNITARIO: 6 | GENERAL: 10 | INDÍGENA: 13 | TÉCNICA: 0 | TELESECUNDARIA: 9"
"385","21095","La Magdalena Tlatlauquitepec","PUEBLA","COMUNITARIO: 0 | GENERAL: 1 | INDÍGENA: 1 | TÉCNICA: 0 | TELESECUNDARIA: 1"
"386","21107","Olintla","PUEBLA","COMUNITARIO: 12 | GENERAL: 9 | INDÍGENA: 18 | TÉCNICA: 2 | TELESECUNDARIA: 5"
"387","21117","Rafael Lara Grajales","PUEBLA","COMUNITARIO: 0 | GENERAL: 13 | INDÍGENA: 0 | TÉCNICA: 0 | TELESECUNDARIA: 1"
"388","21123","San Felipe Tepatlán","PUEBLA","COMUNITARIO: 4 | GENERAL: 5 | INDÍGENA: 9 | TÉCNICA: 0 | TELESECUNDARIA: 4"
"389","21131","San Juan Atzompa","PUEBLA","COMUNITARIO: 0 | GENERAL: 1 | INDÍGENA: 1 | TÉCNICA: 0 | TELESECUNDARIA: 1"
"390","21133","San Martín Totoltepec","PUEBLA","COMUNITARIO: 0 | GENERAL: 2 | INDÍGENA: 0 | TÉCNICA: 0 | TELESECUNDARIA: 1"
"391","21146","Santa Catarina Tlaltempan","PUEBLA","COMUNITARIO: 0 | GENERAL: 1 | INDÍGENA: 2 | TÉCNICA: 0 | TELESECUNDARIA: 1"
"392","21162","Tepango de Rodríguez","PUEBLA","COMUNITARIO: 0 | GENERAL: 1 | INDÍGENA: 6 | TÉCNICA: 0 | TELESECUNDARIA: 1"
"393","21184","Tlapacoya","PUEBLA","COMUNITARIO: 3 | GENERAL: 10 | INDÍGENA: 13 | TÉCNICA: 0 | TELESECUNDARIA: 6"
"394","21204","Yaonáhuac","PUEBLA","COMUNITARIO: 2 | GENERAL: 8 | INDÍGENA: 8 | TÉCNICA: 0 | TELESECUNDARIA: 3"
"395","21215","Zongozotla","PUEBLA","COMUNITARIO: 0 | GENERAL: 3 | INDÍGENA: 1 | TÉCNICA: 1 | TELESECUNDARIA: 0"
"396","22003","Arroyo Seco","QUERÉTARO","COMUNITARIO: 37 | GENERAL: 30 | INDÍGENA: 0 | TÉCNICA: 3 | TELESECUNDARIA: 5"
"397","24002","Alaquines","SAN LUIS POTOSÍ","COMUNITARIO: 12 | GENERAL: 21 | INDÍGENA: 15 | TÉCNICA: 0 | TELESECUNDARIA: 11"
"398","24005","Cárdenas","SAN LUIS POTOSÍ","COMUNITARIO: 4 | GENERAL: 34 | INDÍGENA: 1 | TÉCNICA: 0 | TELESECUNDARIA: 9"
"399","24006","Catorce","SAN LUIS POTOSÍ","COMUNITARIO: 24 | GENERAL: 44 | INDÍGENA: 0 | TÉCNICA: 1 | TELESECUNDARIA: 18"
"400","24008","Cerritos","SAN LUIS POTOSÍ","COMUNITARIO: 18 | GENERAL: 38 | INDÍGENA: 0 | TÉCNICA: 1 | TELESECUNDARIA: 16"
"401","24015","Charcas","SAN LUIS POTOSÍ","COMUNITARIO: 41 | GENERAL: 49 | INDÍGENA: 0 | TÉCNICA: 0 | TELESECUNDARIA: 20"
"402","24019","Lagunillas","SAN LUIS POTOSÍ","COMUNITARIO: 22 | GENERAL: 19 | INDÍGENA: 0 | TÉCNICA: 0 | TELESECUNDARIA: 10"
"403","24023","Rayón","SAN LUIS POTOSÍ","COMUNITARIO: 18 | GENERAL: 42 | INDÍGENA: 6 | TÉCNICA: 1 | TELESECUNDARIA: 18"
"404","24025","Salinas","SAN LUIS POTOSÍ","COMUNITARIO: 55 | GENERAL: 58 | INDÍGENA: 0 | TÉCNICA: 0 | TELESECUNDARIA: 16"
"405","24026","San Antonio","SAN LUIS POTOSÍ","COMUNITARIO: 17 | GENERAL: 11 | INDÍGENA: 21 | TÉCNICA: 1 | TELESECUNDARIA: 7"
"406","24027","San Ciro de Acosta","SAN LUIS POTOSÍ","COMUNITARIO: 30 | GENERAL: 18 | INDÍGENA: 0 | TÉCNICA: 1 | TELESECUNDARIA: 4"
"407","24031","Santa Catarina","SAN LUIS POTOSÍ","COMUNITARIO: 57 | GENERAL: 13 | INDÍGENA: 33 | TÉCNICA: 0 | TELESECUNDARIA: 19"
"408","24033","Santo Domingo","SAN LUIS POTOSÍ","COMUNITARIO: 12 | GENERAL: 42 | INDÍGENA: 0 | TÉCNICA: 1 | TELESECUNDARIA: 20"
"409","24042","Tanquián de Escobedo","SAN LUIS POTOSÍ","COMUNITARIO: 1 | GENERAL: 19 | INDÍGENA: 6 | TÉCNICA: 2 | TELESECUNDARIA: 8"
"410","24044","Vanegas","SAN LUIS POTOSÍ","COMUNITARIO: 21 | GENERAL: 28 | INDÍGENA: 0 | TÉCNICA: 0 | TELESECUNDARIA: 10"
"411","24052","Villa Juárez","SAN LUIS POTOSÍ","COMUNITARIO: 14 | GENERAL: 17 | INDÍGENA: 0 | TÉCNICA: 2 | TELESECUNDARIA: 8"
"412","26001","Aconchi","SONORA","COMUNITARIO: 1 | GENERAL: 5 | INDÍGENA: 0 | TÉCNICA: 0 | TELESECUNDARIA: 1"
"413","26005","Arivechi","SONORA","COMUNITARIO: 2 | GENERAL: 4 | INDÍGENA: 0 | TÉCNICA: 1 | TELESECUNDARIA: 1"
"414","26007","Atil","SONORA","COMUNITARIO: 0 | GENERAL: 2 | INDÍGENA: 0 | TÉCNICA: 0 | TELESECUNDARIA: 1"
"415","26008","Bacadéhuachi","SONORA","COMUNITARIO: 0 | GENERAL: 4 | INDÍGENA: 0 | TÉCNICA: 0 | TELESECUNDARIA: 0"
"416","26009","Bacanora","SONORA","COMUNITARIO: 3 | GENERAL: 2 | INDÍGENA: 0 | TÉCNICA: 0 | TELESECUNDARIA: 1"
"417","26010","Bacerac","SONORA","COMUNITARIO: 7 | GENERAL: 2 | INDÍGENA: 0 | TÉCNICA: 1 | TELESECUNDARIA: 0"
"418","26011","Bacoachi","SONORA","COMUNITARIO: 0 | GENERAL: 3 | INDÍGENA: 0 | TÉCNICA: 0 | TELESECUNDARIA: 1"
"419","26014","Baviácora","SONORA","COMUNITARIO: 4 | GENERAL: 8 | INDÍGENA: 0 | TÉCNICA: 0 | TELESECUNDARIA: 0"
"420","26019","Cananea","SONORA","COMUNITARIO: 2 | GENERAL: 34 | INDÍGENA: 0 | TÉCNICA: 1 | TELESECUNDARIA: 2"
"421","26023","Cumpas","SONORA","COMUNITARIO: 3 | GENERAL: 12 | INDÍGENA: 0 | TÉCNICA: 0 | TELESECUNDARIA: 4"
"422","26024","Divisaderos","SONORA","COMUNITARIO: 0 | GENERAL: 2 | INDÍGENA: 0 | TÉCNICA: 0 | TELESECUNDARIA: 1"
"423","26028","Granados","SONORA","COMUNITARIO: 0 | GENERAL: 2 | INDÍGENA: 0 | TÉCNICA: 0 | TELESECUNDARIA: 0"
"424","26031","Huachinera","SONORA","COMUNITARIO: 1 | GENERAL: 3 | INDÍGENA: 0 | TÉCNICA: 0 | TELESECUNDARIA: 2"
"425","26032","Huásabas","SONORA","COMUNITARIO: 0 | GENERAL: 2 | INDÍGENA: 0 | TÉCNICA: 1 | TELESECUNDARIA: 0"
"426","26038","Moctezuma","SONORA","COMUNITARIO: 1 | GENERAL: 4 | INDÍGENA: 0 | TÉCNICA: 1 | TELESECUNDARIA: 0"
"427","26040","Nácori Chico","SONORA","COMUNITARIO: 2 | GENERAL: 6 | INDÍGENA: 0 | TÉCNICA: 0 | TELESECUNDARIA: 3"
"428","26046","Oquitoa","SONORA","COMUNITARIO: 1 | GENERAL: 1 | INDÍGENA: 0 | TÉCNICA: 0 | TELESECUNDARIA: 1"
"429","26052","Sahuaripa","SONORA","COMUNITARIO: 7 | GENERAL: 15 | INDÍGENA: 0 | TÉCNICA: 0 | TELESECUNDARIA: 3"
"430","26053","San Felipe de Jesús","SONORA","COMUNITARIO: 0 | GENERAL: 2 | INDÍGENA: 0 | TÉCNICA: 0 | TELESECUNDARIA: 1"
"431","26054","San Javier","SONORA","COMUNITARIO: 0 | GENERAL: 2 | INDÍGENA: 0 | TÉCNICA: 0 | TELESECUNDARIA: 1"
"432","26057","San Pedro de la Cueva","SONORA","COMUNITARIO: 2 | GENERAL: 4 | INDÍGENA: 0 | TÉCNICA: 1 | TELESECUNDARIA: 0"
"433","26061","Soyopa","SONORA","COMUNITARIO: 4 | GENERAL: 7 | INDÍGENA: 0 | TÉCNICA: 0 | TELESECUNDARIA: 4"
"434","26063","Tepache","SONORA","COMUNITARIO: 0 | GENERAL: 2 | INDÍGENA: 0 | TÉCNICA: 0 | TELESECUNDARIA: 1"
"435","26064","Trincheras","SONORA","COMUNITARIO: 1 | GENERAL: 3 | INDÍGENA: 0 | TÉCNICA: 0 | TELESECUNDARIA: 2"
"436","26067","Villa Hidalgo","SONORA","COMUNITARIO: 1 | GENERAL: 4 | INDÍGENA: 0 | TÉCNICA: 0 | TELESECUNDARIA: 1"
"437","26068","Villa Pesqueira","SONORA","COMUNITARIO: 2 | GENERAL: 4 | INDÍGENA: 0 | TÉCNICA: 0 | TELESECUNDARIA: 1"
"438","26069","Yécora","SONORA","COMUNITARIO: 9 | GENERAL: 10 | INDÍGENA: 6 | TÉCNICA: 1 | TELESECUNDARIA: 7"
"439","28001","Abasolo","TAMAULIPAS","COMUNITARIO: 6 | GENERAL: 23 | INDÍGENA: 0 | TÉCNICA: 2 | TELESECUNDARIA: 5"
"440","28010","Cruillas","TAMAULIPAS","COMUNITARIO: 4 | GENERAL: 8 | INDÍGENA: 0 | TÉCNICA: 0 | TELESECUNDARIA: 1"
"441","28018","Jiménez","TAMAULIPAS","COMUNITARIO: 13 | GENERAL: 17 | INDÍGENA: 0 | TÉCNICA: 1 | TELESECUNDARIA: 2"
"442","28024","Mier","TAMAULIPAS","COMUNITARIO: 0 | GENERAL: 6 | INDÍGENA: 0 | TÉCNICA: 0 | TELESECUNDARIA: 0"
"443","28026","Miquihuana","TAMAULIPAS","COMUNITARIO: 9 | GENERAL: 12 | INDÍGENA: 0 | TÉCNICA: 1 | TELESECUNDARIA: 2"
"444","28036","San Nicolás","TAMAULIPAS","COMUNITARIO: 3 | GENERAL: 7 | INDÍGENA: 0 | TÉCNICA: 0 | TELESECUNDARIA: 3"
"445","28037","Soto la Marina","TAMAULIPAS","COMUNITARIO: 34 | GENERAL: 61 | INDÍGENA: 0 | TÉCNICA: 2 | TELESECUNDARIA: 13"
"446","30007","Camarón de Tejeda","VERACRUZ DE IGNACIO DE LA LLAVE","COMUNITARIO: 13 | GENERAL: 14 | INDÍGENA: 0 | TÉCNICA: 0 | TELESECUNDARIA: 4"
"447","30019","Astacinga","VERACRUZ DE IGNACIO DE LA LLAVE","COMUNITARIO: 4 | GENERAL: 1 | INDÍGENA: 26 | TÉCNICA: 0 | TELESECUNDARIA: 4"
"448","30020","Atlahuilco","VERACRUZ DE IGNACIO DE LA LLAVE","COMUNITARIO: 28 | GENERAL: 10 | INDÍGENA: 33 | TÉCNICA: 1 | TELESECUNDARIA: 5"
"449","30031","Carrillo Puerto","VERACRUZ DE IGNACIO DE LA LLAVE","COMUNITARIO: 54 | GENERAL: 43 | INDÍGENA: 0 | TÉCNICA: 1 | TELESECUNDARIA: 8"
"450","30035","Citlaltépetl","VERACRUZ DE IGNACIO DE LA LLAVE","COMUNITARIO: 1 | GENERAL: 26 | INDÍGENA: 12 | TÉCNICA: 0 | TELESECUNDARIA: 4"
"451","30036","Coacoatzintla","VERACRUZ DE IGNACIO DE LA LLAVE","COMUNITARIO: 9 | GENERAL: 19 | INDÍGENA: 0 | TÉCNICA: 0 | TELESECUNDARIA: 4"
"452","30037","Coahuitlán","VERACRUZ DE IGNACIO DE LA LLAVE","COMUNITARIO: 1 | GENERAL: 4 | INDÍGENA: 7 | TÉCNICA: 0 | TELESECUNDARIA: 3"
"453","30050","Coxquihui","VERACRUZ DE IGNACIO DE LA LLAVE","COMUNITARIO: 0 | GENERAL: 8 | INDÍGENA: 37 | TÉCNICA: 0 | TELESECUNDARIA: 11"
"454","30064","Chumatlán","VERACRUZ DE IGNACIO DE LA LLAVE","COMUNITARIO: 0 | GENERAL: 2 | INDÍGENA: 8 | TÉCNICA: 0 | TELESECUNDARIA: 2"
"455","30067","Filomeno Mata","VERACRUZ DE IGNACIO DE LA LLAVE","COMUNITARIO: 0 | GENERAL: 3 | INDÍGENA: 13 | TÉCNICA: 1 | TELESECUNDARIA: 6"
"456","30091","Jesús Carranza","VERACRUZ DE IGNACIO DE LA LLAVE","COMUNITARIO: 39 | GENERAL: 102 | INDÍGENA: 5 | TÉCNICA: 2 | TELESECUNDARIA: 17"
"457","30095","Juchique de Ferrer","VERACRUZ DE IGNACIO DE LA LLAVE","COMUNITARIO: 14 | GENERAL: 53 | INDÍGENA: 0 | TÉCNICA: 1 | TELESECUNDARIA: 12"
"458","30103","Mecatlán","VERACRUZ DE IGNACIO DE LA LLAVE","COMUNITARIO: 2 | GENERAL: 3 | INDÍGENA: 23 | TÉCNICA: 0 | TELESECUNDARIA: 7"
"459","30107","Las Minas","VERACRUZ DE IGNACIO DE LA LLAVE","COMUNITARIO: 9 | GENERAL: 14 | INDÍGENA: 0 | TÉCNICA: 0 | TELESECUNDARIA: 4"
"460","30110","Mixtla de Altamirano","VERACRUZ DE IGNACIO DE LA LLAVE","COMUNITARIO: 22 | GENERAL: 8 | INDÍGENA: 36 | TÉCNICA: 0 | TELESECUNDARIA: 9"
"461","30125","Paso del Macho","VERACRUZ DE IGNACIO DE LA LLAVE","COMUNITARIO: 54 | GENERAL: 63 | INDÍGENA: 0 | TÉCNICA: 2 | TELESECUNDARIA: 10"
"462","30137","Los Reyes","VERACRUZ DE IGNACIO DE LA LLAVE","COMUNITARIO: 6 | GENERAL: 8 | INDÍGENA: 18 | TÉCNICA: 0 | TELESECUNDARIA: 4"
"463","30148","Soledad de Doblado","VERACRUZ DE IGNACIO DE LA LLAVE","COMUNITARIO: 21 | GENERAL: 79 | INDÍGENA: 0 | TÉCNICA: 1 | TELESECUNDARIA: 11"
"464","30156","Tatatila","VERACRUZ DE IGNACIO DE LA LLAVE","COMUNITARIO: 10 | GENERAL: 17 | INDÍGENA: 0 | TÉCNICA: 0 | TELESECUNDARIA: 6"
"465","30166","Tepetlán","VERACRUZ DE IGNACIO DE LA LLAVE","COMUNITARIO: 11 | GENERAL: 21 | INDÍGENA: 0 | TÉCNICA: 0 | TELESECUNDARIA: 6"
"466","30170","Texcatepec","VERACRUZ DE IGNACIO DE LA LLAVE","COMUNITARIO: 3 | GENERAL: 3 | INDÍGENA: 32 | TÉCNICA: 0 | TELESECUNDARIA: 10"
"467","30171","Texhuacán","VERACRUZ DE IGNACIO DE LA LLAVE","COMUNITARIO: 8 | GENERAL: 4 | INDÍGENA: 14 | TÉCNICA: 0 | TELESECUNDARIA: 1"
"468","30177","Tlacolulan","VERACRUZ DE IGNACIO DE LA LLAVE","COMUNITARIO: 27 | GENERAL: 32 | INDÍGENA: 0 | TÉCNICA: 0 | TELESECUNDARIA: 10"
"469","30184","Tlaquilpa","VERACRUZ DE IGNACIO DE LA LLAVE","COMUNITARIO: 14 | GENERAL: 6 | INDÍGENA: 22 | TÉCNICA: 1 | TELESECUNDARIA: 1"
"470","30195","Xoxocotla","VERACRUZ DE IGNACIO DE LA LLAVE","COMUNITARIO: 9 | GENERAL: 4 | INDÍGENA: 10 | TÉCNICA: 0 | TELESECUNDARIA: 2"
"471","30198","Zacualpan","VERACRUZ DE IGNACIO DE LA LLAVE","COMUNITARIO: 21 | GENERAL: 26 | INDÍGENA: 4 | TÉCNICA: 0 | TELESECUNDARIA: 4"
"472","30200","Zentla","VERACRUZ DE IGNACIO DE LA LLAVE","COMUNITARIO: 33 | GENERAL: 34 | INDÍGENA: 0 | TÉCNICA: 0 | TELESECUNDARIA: 6"
"473","30203","Zozocolco de Hidalgo","VERACRUZ DE IGNACIO DE LA LLAVE","COMUNITARIO: 4 | GENERAL: 9 | INDÍGENA: 35 | TÉCNICA: 0 | TELESECUNDARIA: 6"
"474","30212","Santiago Sochiapan","VERACRUZ DE IGNACIO DE LA LLAVE","COMUNITARIO: 7 | GENERAL: 20 | INDÍGENA: 26 | TÉCNICA: 0 | TELESECUNDARIA: 9"
"475","31016","Chacsinkín","YUCATÁN","COMUNITARIO: 1 | GENERAL: 1 | INDÍGENA: 4 | TÉCNICA: 0 | TELESECUNDARIA: 0"
"476","31024","Chumayel","YUCATÁN","COMUNITARIO: 0 | GENERAL: 4 | INDÍGENA: 2 | TÉCNICA: 0 | TELESECUNDARIA: 0"
"477","31027","Dzidzantún","YUCATÁN","COMUNITARIO: 0 | GENERAL: 11 | INDÍGENA: 0 | TÉCNICA: 0 | TELESECUNDARIA: 0"
"478","31028","Dzilam de Bravo","YUCATÁN","COMUNITARIO: 2 | GENERAL: 4 | INDÍGENA: 0 | TÉCNICA: 1 | TELESECUNDARIA: 0"
"479","31029","Dzilam González","YUCATÁN","COMUNITARIO: 0 | GENERAL: 5 | INDÍGENA: 0 | TÉCNICA: 1 | TELESECUNDARIA: 0"
"480","31031","Dzoncauich","YUCATÁN","COMUNITARIO: 0 | GENERAL: 5 | INDÍGENA: 1 | TÉCNICA: 0 | TELESECUNDARIA: 1"
"481","31043","Kaua","YUCATÁN","COMUNITARIO: 0 | GENERAL: 3 | INDÍGENA: 2 | TÉCNICA: 0 | TELESECUNDARIA: 1"
"482","31049","Mayapán","YUCATÁN","COMUNITARIO: 0 | GENERAL: 3 | INDÍGENA: 2 | TÉCNICA: 0 | TELESECUNDARIA: 0"
"483","31065","San Felipe","YUCATÁN","COMUNITARIO: 0 | GENERAL: 2 | INDÍGENA: 0 | TÉCNICA: 1 | TELESECUNDARIA: 0"
"484","31083","Telchac Puerto","YUCATÁN","COMUNITARIO: 0 | GENERAL: 3 | INDÍGENA: 0 | TÉCNICA: 0 | TELESECUNDARIA: 0"
"485","32001","Apozol","ZACATECAS","COMUNITARIO: 4 | GENERAL: 21 | INDÍGENA: 0 | TÉCNICA: 0 | TELESECUNDARIA: 4"
"486","32002","Apulco","ZACATECAS","COMUNITARIO: 3 | GENERAL: 21 | INDÍGENA: 0 | TÉCNICA: 0 | TELESECUNDARIA: 5"
"487","32003","Atolinga","ZACATECAS","COMUNITARIO: 0 | GENERAL: 8 | INDÍGENA: 0 | TÉCNICA: 0 | TELESECUNDARIA: 1"
"488","32019","Jalpa","ZACATECAS","COMUNITARIO: 26 | GENERAL: 57 | INDÍGENA: 0 | TÉCNICA: 1 | TELESECUNDARIA: 16"
"489","32022","Juan Aldama","ZACATECAS","COMUNITARIO: 3 | GENERAL: 35 | INDÍGENA: 0 | TÉCNICA: 0 | TELESECUNDARIA: 7"
"490","32023","Juchipila","ZACATECAS","COMUNITARIO: 0 | GENERAL: 30 | INDÍGENA: 0 | TÉCNICA: 1 | TELESECUNDARIA: 5"
"491","32028","Mezquital del Oro","ZACATECAS","COMUNITARIO: 2 | GENERAL: 20 | INDÍGENA: 0 | TÉCNICA: 0 | TELESECUNDARIA: 5"
"492","32045","Tepechitlán","ZACATECAS","COMUNITARIO: 6 | GENERAL: 23 | INDÍGENA: 0 | TÉCNICA: 1 | TELESECUNDARIA: 6"
"493","32048","Tlaltenango de Sánchez Román","ZACATECAS","COMUNITARIO: 18 | GENERAL: 66 | INDÍGENA: 0 | TÉCNICA: 2 | TELESECUNDARIA: 18"
"494","32054","Villa Hidalgo","ZACATECAS","COMUNITARIO: 6 | GENERAL: 53 | INDÍGENA: 0 | TÉCNICA: 1 | TELESECUNDARIA: 20"
"495","32058","Santa María de la Paz","ZACATECAS","COMUNITARIO: 7 | GENERAL: 10 | INDÍGENA: 0 | TÉCNICA: 0 | TELESECUNDARIA: 3"
